"Residue","Total","Energy wt","Residue","Total","Energy p132h",
"SER",1,-3.10199789701022E-05,"SER",1,-3.47003154576163E-05,-3.6803364875141E-06
"GLY",2,-1.47213459516149E-05,"GLY",2,-1.20925341745468E-05,2.6288117770681E-06
"PHE",3,-6.30914826498461E-05,"PHE",3,-4.41640378548749E-05,1.89274447949712E-05
"ARG",4,0.000232386961093081,"ARG",4,0.000267613038907244,3.5226077814163E-05
"LYS",5,0.00271976866456355,"LYS",5,0.00293217665615146,0.00021240799158791
"MET",6,0.000389589905362794,"MET",6,0.000324395373291306,-6.5194532071488E-05
"ALA",7,0.000692429022082022,"ALA",7,0.000726077812828617,3.3648790746595E-05
"PHE",8,-0.000381703470031511,"PHE",8,-0.000373291272344904,8.41219768660701E-06
"PRO",9,0.000181388012618321,"PRO",9,-0.000158254468979984,-0.000339642481598305
"SER",10,0.000994742376445834,"SER",10,0.00123291272344903,0.000238170347003196
"GLY",11,2.94426919032417E-05,"GLY",11,-7.3080967402751E-05,-0.000102523659305993
"LYS",12,0.000755520504731925,"LYS",12,0.000555730809674049,-0.000199789695057876
"VAL",13,0.00288170347003167,"VAL",13,0.00291219768664568,3.049421661401E-05
"GLU",14,0.00186855941114617,"GLU",14,0.00379547844374349,0.00192691903259732
"GLY",15,0.00253470031545743,"GLY",15,0.00297160883280758,0.00043690851735015
"CYS",16,0.0037082018927445,"CYS",16,0.00358885383806519,-0.00011934805467931
"MET",17,0.0159910620399579,"MET",17,0.0154521556256572,-0.000538906414300698
"VAL",18,-0.00583123028391164,"VAL",18,-0.00449211356466883,0.00133911671924281
"GLN",19,0.0332586115667719,"GLN",19,0.0307154599369085,-0.0025431516298634
"VAL",20,-0.0421393270241851,"VAL",20,-0.0301745531019979,0.0119647739221872
"THR",21,-0.00282018927444779,"THR",21,9.62145110410336E-05,0.00291640378548882
"CYS",22,-0.00391798107255521,"CYS",22,-0.000389064143007376,0.00352891692954783
"GLY",23,0.0138606729758149,"GLY",23,0.0118890641430073,-0.0019716088328076
"THR",24,0.0276082948475289,"THR",24,0.0254675028391169,-0.002140792008412
"THR",25,-0.355809246687697,"THR",25,-0.216846704521557,0.13896254216614
"THR",26,-0.09787229022082,"THR",26,-0.0410231444794954,0.0568491457413246
"LEU",27,-0.670542543848581,"LEU",27,-0.470398064353312,0.200144479495269
"ASN",28,-0.0260405896950582,"ASN",28,-0.0062738039957939,0.0197667856992643
"GLY",29,0.00113669821240798,"GLY",29,-0.000197686645636163,-0.00133438485804414
"LEU",30,-0.00244794952681403,"LEU",30,-0.00260304942166144,-0.00015509989484741
"TRP",31,-0.00347266035751849,"TRP",31,-0.0037828601472134,-0.00031019978969491
"LEU",32,-2.26077812828607E-05,"LEU",32,-0.000109884332281819,-8.72765509989583E-05
"ASP",33,-0.000647213459516408,"ASP",33,-0.000261829652996788,0.00038538380651962
"ASP",34,-6.6246056782378E-05,"ASP",34,5.15247108307824E-05,0.00011777076761316
"VAL",35,0.00539432176656149,"VAL",35,0.00520347003154573,-0.00019085173501576
"VAL",36,0.00334016824395384,"VAL",36,0.00472765509989489,0.00138748685594105
"TYR",37,-0.0149390115667718,"TYR",37,-0.0114411146161935,0.0034978969505783
"CYS",38,-0.0667849631966352,"CYS",38,-0.0452860147213461,0.0214989484752891
"PRO",39,-0.156062858885384,"PRO",39,-0.107060440378549,0.049002418506835
"ARG",40,-0.175621906203995,"ARG",40,-0.140775048159832,0.034846858044163
"HID",41,-1.66426126140904,"HID",41,-1.18560673817035,0.47865452323869
"VAL",42,-0.260994162776025,"VAL",42,-0.16001061913775,0.100983543638275
"ILE",43,-0.0176345951629863,"ILE",43,-0.0174248159831756,0.000209779179810701
"CYS",44,-0.10509112849632,"CYS",44,-0.109081678233439,-0.003990549737119
"THR",45,-0.0126480933753943,"THR",45,0.00426163028391169,0.016909723659306
"SER",46,-0.0329066830704522,"SER",46,0.0230243305993692,0.0559310136698214
"GLU",47,0.0812991465825441,"GLU",47,0.0543439785488958,-0.0269551680336483
"ASP",48,0.0268022658254468,"ASP",48,0.0129626809674028,-0.013839584858044
"MET",49,-1.45881053375394,"MET",49,-1.16156607570978,0.29724445804416
"LEU",50,-0.0950218645636172,"LEU",50,-0.105831075499475,-0.0108092109358578
"ASN",51,0.0113643533123026,"ASN",51,0.00310675751840195,-0.00825759579390065
"PRO",52,-0.0389885459516299,"PRO",52,-0.0679533993690852,-0.0289648534174553
"ASN",53,0.00731335436382726,"ASN",53,0.00548002103049391,-0.00183333333333335
"TYR",54,-0.0520803188222923,"TYR",54,-0.0383141842271294,0.0137661345951629
"GLU",55,0.0148675078864352,"GLU",55,0.0143932702418507,-0.000474237644584499
"ASP",56,0.00612460567823336,"ASP",56,0.0048107255520502,-0.00131388012618316
"LEU",57,-0.00470504731861183,"LEU",57,-0.00567823343848585,-0.00097318611987402
"LEU",58,0.00297318611987384,"LEU",58,0.0024716088328076,-0.00050157728706624
"ILE",59,0.000682965299684587,"ILE",59,0.00101261829653002,0.000329652996845433
"ARG",60,0.0135678233438483,"ARG",60,0.0154500525762358,0.0018822292323875
"LYS",61,0.0694300736067297,"LYS",61,0.0605031545741326,-0.0089269190325971
"SER",62,0.0017124079915878,"SER",62,0.00156098843322818,-0.00015141955835962
"ASN",63,0.00413669821240818,"ASN",63,0.00356256572029466,-0.00057413249211352
"HIE",64,0.00347108307045198,"HIE",64,0.00264143007360679,-0.00082965299684519
"ASN",65,0.00109516298632991,"ASN",65,0.00352628811777077,0.00243112513144086
"PHE",66,-0.00114668769716089,"PHE",66,-0.00147739221871709,-0.0003307045215562
"LEU",67,-0.00297896950578344,"LEU",67,-0.00172134595162987,0.00125762355415357
"VAL",68,0.00617823343848577,"VAL",68,0.00563512092534172,-0.00054311251314405
"GLN",69,0.00848475289169291,"GLN",69,0.00732649842271302,-0.00115825446897989
"ALA",70,0.000190851735015812,"ALA",70,0.000187171398527877,-3.680336487935E-06
"GLY",71,0.00136225026288118,"GLY",71,0.00111356466876973,-0.00024868559411145
"ASN",72,0.00111934805467864,"ASN",72,0.000659831756046048,-0.000459516298632592
"VAL",73,-0.000156151419558326,"VAL",73,-0.000136698212407935,1.9453207150391E-05
"GLN",74,0.00616876971608832,"GLN",74,0.00513091482649864,-0.00103785488958968
"LEU",75,0.00188222923238699,"LEU",75,0.00163932702418512,-0.00024290220820187
"ARG",76,0.00199999999999919,"ARG",76,0.00122187171398596,-0.00077812828601323
"VAL",77,0.00249053627760247,"VAL",77,0.00178233438485806,-0.00070820189274441
"ILE",78,-0.000624605678233416,"ILE",78,-0.000487381703470049,0.000137223974763367
"GLY",79,0.000418506834910639,"GLY",79,0.000385383806519438,-3.3123028391201E-05
"HIE",80,0.00729600420609885,"HIE",80,0.00633385909568896,-0.00096214511040989
"SER",81,0.00136119873817035,"SER",81,0.00152260778128288,0.00016140904311253
"MET",82,0.00534752891692952,"MET",82,0.00560830704521559,0.00026077812828607
"GLN",83,0.00443848580441646,"GLN",83,0.00521188222923248,0.00077339642481602
"ASN",84,-0.00035015772870681,"ASN",84,0.00616140904311243,0.00651156677181924
"CYS",85,-0.0117250262881178,"CYS",85,-0.0096638199789695,0.0020612063091483
"VAL",86,-0.00701524710830701,"VAL",86,-0.00440851735015773,0.00260672975814928
"LEU",87,-0.00545583596214513,"LEU",87,-0.00414563617245001,0.00131019978969512
"LYS",88,0.0133527865404837,"LYS",88,0.0105289169295477,-0.002823869610936
"LEU",89,-0.00397896950578336,"LEU",89,-0.00332912723448999,0.00064984227129337
"LYS",90,-2.05047318613069E-05,"LYS",90,-0.000247108307045114,-0.000226603575183807
"VAL",91,0.000758675078864389,"VAL",91,0.000658254468980039,-0.00010042060988435
"ASP",92,-0.0011288117770767,"ASP",92,-0.00125446898002123,-0.00012565720294453
"THR",93,0.000324395373291394,"THR",93,0.000400630914826571,7.6235541535177E-05
"ALA",94,0.000601472134595182,"ALA",94,0.00057465825446898,-2.6813880126202E-05
"ASN",95,0.0022607781282861,"ASN",95,0.00214248159831771,-0.00011829652996839
"PRO",96,-0.000691903259726545,"PRO",96,-0.000667192429022113,2.47108307044319E-05
"LYS",97,0.000480546792849688,"LYS",97,0.000378548895899038,-0.00010199789695065
"THR",98,-1.57728706619568E-06,"THR",98,1.15667718190734E-05,1.31440588852691E-05
"PRO",99,-0.000668769716088361,"PRO",99,-0.00067455310199785,-5.78338590948903E-06
"LYS",100,0.000123028391166976,"LYS",100,8.62250262882238E-05,-3.68033648787522E-05
"TYR",101,-6.94006309147451E-05,"TYR",101,-7.46582544689704E-05,-5.2576235542253E-06
"LYS",102,0.000317560462670945,"LYS",102,0.000306519453207135,-1.104100946381E-05
"PHE",103,0.000300210304942177,"PHE",103,0.000358044164037878,5.7833859095701E-05
"VAL",104,0.00106256572029444,"VAL",104,0.00141377497371188,0.00035120925341744
"ARG",105,0.0121845425867505,"ARG",105,0.0142344900105155,0.002049947423765
"ILE",106,0.00112986330178763,"ILE",106,0.0014900105152471,0.00036014721345947
"GLN",107,0.00222082018927416,"GLN",107,0.00292113564668772,0.00070031545741356
"PRO",108,-5.2576235535155E-07,"PRO",108,-5.9936908517436E-05,-5.94111461620845E-05
"GLY",109,0.000440588853838087,"GLY",109,0.00047423764458464,3.3648790746553E-05
"GLN",110,0.000895899053627742,"GLN",110,0.000698738170347097,-0.000197160883280645
"THR",111,0.00301051524710835,"THR",111,0.00277865404837022,-0.00023186119873813
"PHE",112,0.000354889589905372,"PHE",112,-0.000689800210305022,-0.00104468980021039
"SER",113,0.00442060988433225,"SER",113,0.00534700315457413,0.00092639327024188
"VAL",114,-9.56887486856063E-05,"VAL",114,0.00112776025236598,0.00122344900105159
"LEU",115,0.0013633017875919,"LEU",115,0.0016356466876972,0.0002723449001053
"ALA",116,0.00638906414300736,"ALA",116,0.00738328075709778,0.00099421661409042
"CYS",117,-0.00236014721345949,"CYS",117,-0.00149737118822292,0.00086277602523657
"TYR",118,0.000194896740273322,"TYR",118,-0.00795667381703463,-0.00815157055730795
"ASN",119,0.036132769716088,"ASN",119,0.0257166485804419,-0.0104161211356461
"GLY",120,0.0119794952681388,"GLY",120,0.0100541535226078,-0.001925341745531
"SER",121,0.00332018927444793,"SER",121,0.00451682439537332,0.00119663512092539
"PRO",122,0.00430599369085174,"PRO",122,0.00372082018927443,-0.00058517350157731
"SER",123,0.00636382754994744,"SER",123,0.00539957939011569,-0.00096424815983175
"GLY",124,0.00258780231335438,"GLY",124,0.00257939011566771,-8.41219768666973E-06
"VAL",125,0.00363038906414293,"VAL",125,0.00407255520504731,0.00044216614090438
"TYR",126,-0.00337854889589906,"TYR",126,-0.00234384858044163,0.00103470031545743
"GLN",127,0.00284805467928483,"GLN",127,0.00324763406940077,0.00039957939011594
"CYS",128,0.00168191377497369,"CYS",128,0.00200893796004206,0.00032702418506837
"ALA",129,0.0033301787592008,"ALA",129,0.00391482649842271,0.00058464773922191
"MET",130,0.00527287066246061,"MET",130,0.00585226077812833,0.00057939011566772
"ARG",131,0.00916929547844313,"ARG",131,0.00863091482650018,-0.000538380651942949
"PRO",132,0.00285383806519456,"HIE",132,0.0074810725552049,0.00462723449001034
"ASN",133,0.0114426919032594,"ASN",133,0.011202418506835,-0.000240273396424399
"PHE",134,0.00520662460567819,"PHE",134,0.00189011566771806,-0.00331650893796013
"THR",135,0.019273396424816,"THR",135,0.0187371188222923,-0.000536277602523699
"ILE",136,0.00165983175604622,"ILE",136,0.000641430073606729,-0.00101840168243949
"LYS",137,0.0187407991587804,"LYS",137,0.0199721345951632,0.0012313354363828
"GLY",138,0.00255099894847528,"GLY",138,0.00210252365930597,-0.00044847528916931
"SER",139,0.00984490010515243,"SER",139,0.00916614090431118,-0.000678759200841251
"PHE",140,-0.0774448778128287,"PHE",140,-0.0817252437434279,-0.0042803659305992
"LEU",141,-0.0137156092534174,"LEU",141,-0.057621167613039,-0.0439055583596216
"ASN",142,-0.0744393556256573,"ASN",142,-0.312439078864353,-0.237999723238696
"GLY",143,-0.506499349737118,"GLY",143,-0.873247022082019,-0.366747672344901
"SER",144,-0.361982564037855,"SER",144,-0.772547443953734,-0.410564879915879
"CYS",145,-1.28516606098843,"CYS",145,-1.58056247823344,-0.29539641724501
"GLY",146,-0.0363131449001053,"GLY",146,-0.0500395621451104,-0.0137264172450051
"SER",147,-0.00623133543638273,"SER",147,-0.0150005257623554,-0.00876919032597267
"VAL",148,-0.000520504731861154,"VAL",148,1.4721345951624E-05,0.000535226077812778
"GLY",149,0.00023133543638278,"GLY",149,-0.000207150368033678,-0.000438485804416458
"PHE",150,-0.00339642481598318,"PHE",150,-0.00486067297581482,-0.00146424815983164
"ASN",151,-0.000738696109358436,"ASN",151,-0.000591482649842099,0.000147213459516337
"ILE",152,-0.000467928496319677,"ILE",152,-0.000595162986330158,-0.000127234490010481
"ASP",153,-0.000258149316508971,"ASP",153,-0.000179810725551904,7.8338590957067E-05
"TYR",154,-6.67718191377706E-05,"TYR",154,-8.99053627759731E-05,-2.31335436382025E-05
"ASP",155,5.15247108307525E-05,"ASP",155,0.000141955835962274,9.04311251315215E-05
"CYS",156,0.000363827549947407,"CYS",156,0.000376971608832784,1.3144058885377E-05
"VAL",157,0.00164563617245006,"VAL",157,0.00187854889589901,0.00023291272344895
"SER",158,0.00125709779179811,"SER",158,0.00153785488958994,0.00028075709779183
"PHE",159,0.000971608832807627,"PHE",159,0.0014295478443744,0.000457939011566773
"CYS",160,0.00464248159831761,"CYS",160,0.00648002103049425,0.00183753943217664
"TYR",161,-0.0150415352260778,"TYR",161,-0.0168638275499475,-0.0018222923238697
"MET",162,-0.0251913774973712,"MET",162,-0.0344663512092534,-0.0092749737118822
"HID",163,-0.071938821871714,"HID",163,-0.199014493796004,-0.12707567192429
"HIE",164,-0.229438503470032,"HIE",164,-0.635525540694007,-0.406087037223975
"MET",165,-2.77964786961094,"MET",165,-3.00445775226078,-0.22480988264984
"GLU",166,-1.82037374679285,"GLU",166,-2.23268926056782,-0.41231551377497
"LEU",167,-0.529981762776026,"LEU",167,-0.587296577917983,-0.0573148151419569
"PRO",168,-0.748726507676131,"PRO",168,-0.784787043953734,-0.036060536277603
"THR",169,-0.0190278431125131,"THR",169,-0.0174100946372239,0.0016177484752892
"GLY",170,0.00981403995793904,"GLY",170,0.0202969947423764,0.0104829547844374
"VAL",171,-0.0598619104100948,"VAL",171,-0.0719716088328076,-0.0121096984227128
"HIE",172,-0.223107931861199,"HIE",172,-0.273400613669821,-0.050292681808622
"ALA",173,-0.0662414477392218,"ALA",173,-0.0748869388012618,-0.00864549106203999
"GLY",174,-0.0213548895899054,"GLY",174,-0.0193464773922187,0.0020084121976867
"THR",175,-0.0126251314405888,"THR",175,-0.0147513144058885,-0.0021261829652997
"ASP",176,-0.00750315457413233,"ASP",176,-0.00989484752891697,-0.00239169295478464
"LEU",177,0.00185962145110412,"LEU",177,0.00124447949526823,-0.00061514195583589
"GLU",178,0.00346635120925364,"GLU",178,0.00418296529968482,0.00071661409043118
"GLY",179,0.00165089379600422,"GLY",179,0.00353890641430077,0.00188801261829655
"ASN",180,0.00539695057833846,"ASN",180,0.00517823343848559,-0.00021871713985287
"PHE",181,-0.0170417076761303,"PHE",181,-0.0229865303890641,-0.0059448227129338
"TYR",182,0.00901472134595163,"TYR",182,0.00788012618296519,-0.00113459516298644
"GLY",183,0.0114106203995794,"GLY",183,0.0122460567823344,0.000835436382755
"PRO",184,0.00552786540483705,"PRO",184,0.00456414300736063,-0.00096372239747642
"PHE",185,-0.0428402128286015,"PHE",185,-0.04659061829653,-0.0037504054679285
"VAL",186,-0.107377086855941,"VAL",186,-0.0821689678233437,0.0252081190325973
"ASP",187,-0.0626679491062043,"ASP",187,-0.0772048353312304,-0.0145368862250261
"ARG",188,-0.416357223554153,"ARG",188,-0.30656818212408,0.109789041430073
"GLN",189,-1.65541421366982,"GLN",189,-1.51971398654048,0.13570022712934
"THR",190,-0.156218395793901,"THR",190,-0.169526761303891,-0.01330836550999
"ALA",191,-0.116615350157729,"ALA",191,-0.115882344900105,0.000733005257624
"GLN",192,-0.220051800210305,"GLN",192,-0.211234712092535,0.00881708811776999
"ALA",193,-0.0045147213459516,"ALA",193,-0.00276919032597268,0.00174553101997892
"ALA",194,-0.00448317560462675,"ALA",194,-0.00363880126182966,0.00084437434279709
"GLY",195,0.00285226077812828,"GLY",195,0.00485856992639328,0.002006309148265
"THR",196,0.00530967402733967,"THR",196,0.00592691903259728,0.00061724500525761
"ASP",197,0.00109884332281799,"ASP",197,0.000178759200841449,-0.000920084121976541
"THR",198,0.000861198738170227,"THR",198,0.00116929547844372,0.000308096740273493
"THR",199,0.000557833859095685,"THR",199,0.000680862250262906,0.000123028391167221
"ILE",200,-6.41430073606324E-05,"ILE",200,-6.51945320714925E-05,-1.0515247108601E-06
"THR",201,2.99684542586613E-05,"THR",201,2.89169295476696E-05,-1.0515247109917E-06
"VAL",202,0.00022082018927446,"VAL",202,0.000214511041009441,-6.30914826501899E-06
"ASN",203,0.000769190325972437,"ASN",203,0.000687697160883535,-8.14931650889019E-05
"VAL",204,-6.57202944268357E-05,"VAL",204,-6.83491062040009E-05,-2.6288117771652E-06
"LEU",205,-6.88748685594566E-05,"LEU",205,-6.46687697160847E-05,4.20609884337189E-06
"ALA",206,4.78443743428076E-05,"ALA",206,3.20715036803568E-05,-1.57728706624508E-05
"TRP",207,-0.000219242902208182,"TRP",207,-0.000185068349106183,3.4174553101999E-05
"LEU",208,-5.94111461619565E-05,"LEU",208,-5.41535226077331E-05,5.2576235542234E-06
"TYR",209,-5.09989484753632E-05,"TYR",209,-5.52050473185706E-05,-4.2060988432074E-06
"ALA",210,-3.57518401682174E-05,"ALA",210,-3.52260778128361E-05,5.25762355381296E-07
"ALA",211,-3.04942166140818E-05,"ALA",211,-2.41850683491067E-05,6.3091482649751E-06
"VAL",212,-3.1019978969592E-05,"VAL",212,-3.99579390115901E-05,-8.9379600419981E-06
"ILE",213,-6.30914826499894E-06,"ILE",213,-1.62986330178783E-05,-9.98948475287936E-06
"ASN",214,-2.99684542588742E-05,"ASN",214,-1.5772870662435E-05,1.41955835964392E-05
"GLY",215,1.47213459516113E-05,"GLY",215,1.52471083070152E-05,5.257623554039E-07
"ASP",216,-8.41219768654011E-06,"ASP",216,-1.15667718191108E-05,-3.15457413257069E-06
"ARG",217,-6.3617245004097E-05,"ARG",217,-3.10199789689366E-05,3.25972660351604E-05
"TRP",218,-1.68243953732872E-05,"TRP",218,-1.89274447949562E-05,-2.103049421669E-06
"PHE",219,-2.31335436382566E-05,"PHE",219,-6.83491062039906E-06,1.62986330178575E-05
"LEU",220,-3.7854889589855E-05,"LEU",220,-1.99789695058977E-05,1.78759200839573E-05
"ASN",221,-1.05152471082078E-05,"ASN",221,8.93796004197291E-06,1.94532071501807E-05
"ARG",222,-1.10410094640441E-05,"ARG",222,1.26182965290425E-05,2.36593059930866E-05
"PHE",223,-5.25762355415458E-06,"PHE",223,-2.62881177707694E-06,2.62881177707764E-06
"THR",224,-5.2576235538564E-07,"THR",224,-2.31335436383136E-05,-2.2607781282928E-05
"THR",225,1.05152471078996E-06,"THR",225,-7.88643533123712E-06,-8.93796004202708E-06
"THR",226,1.20925341745427E-05,"THR",226,-1.73501577287348E-05,-2.94426919032775E-05
"LEU",227,-1.36698212408077E-05,"LEU",227,-2.68138801261485E-05,-1.31440588853408E-05
"ASN",228,-1.20925341742298E-05,"ASN",228,-2.31335436384756E-05,-1.10410094642458E-05
"ASP",229,2.10304942172375E-06,"ASP",229,3.47003154574519E-05,3.25972660357281E-05
"PHE",230,-5.15247108306961E-05,"PHE",230,-3.31230283911633E-05,1.84016824395328E-05
"ASN",231,-2.41850683489901E-05,"ASN",231,-3.36487907466311E-05,-9.463722397641E-06
"LEU",232,3.15457413251441E-06,"LEU",232,-1.84016824395286E-05,-2.1556256572043E-05
"VAL",233,-1.9453207150421E-05,"VAL",233,-5.78338590963105E-06,1.366982124079E-05
"ALA",234,5.25762355416284E-06,"ALA",234,-1.41955835962124E-05,-1.94532071503752E-05
"MET",235,-6.62460567823602E-05,"MET",235,-0.000105678233438441,-3.94321766560808E-05
"LYS",236,-8.72765509990374E-05,"LYS",236,-8.14931650893008E-05,5.78338590973659E-06
"TYR",237,-4.73186119873279E-05,"TYR",237,-3.10199789695241E-05,1.62986330178038E-05
"ASN",238,0.000272344900104832,"ASN",238,0.000505257623554209,0.000232912723449377
"TYR",239,-7.83385909568469E-05,"TYR",239,-9.14826498422586E-05,-1.31440588854117E-05
"GLU",240,0.000420084121976975,"GLU",240,0.000271819137749899,-0.000148264984227076
"PRO",241,-0.000146161934805452,"PRO",241,-0.000169821240799126,-2.3659305993674E-05
"LEU",242,-4.15352260778134E-05,"LEU",242,-4.52155625657396E-05,-3.6803364879262E-06
"THR",243,-5.99369085172917E-05,"THR",243,-3.31230283912497E-05,2.6813880126042E-05
"GLN",244,-3.4700315457295E-05,"GLN",244,-2.52365930600761E-05,9.4637223972189E-06
"ASP",245,1.4721345951603E-05,"ASP",245,-2.10304942165651E-06,-1.68243953732595E-05
"HIE",246,-0.000124079915878029,"HIE",246,-0.000101472134595207,2.2607781282822E-05
"VAL",247,-3.68033648791185E-05,"VAL",247,-4.15352260778351E-05,-4.73186119871659E-06
"ASP",248,6.83491062042101E-06,"ASP",248,3.89064143008583E-05,3.20715036804373E-05
"ILE",249,-4.15352260778175E-05,"ILE",249,-3.83806519453554E-05,3.1545741324621E-06
"LEU",250,-3.20715036802879E-05,"LEU",250,-2.83911671923558E-05,3.6803364879321E-06
"GLY",251,-9.46372239748429E-06,"GLY",251,-2.05047318611985E-05,-1.10410094637142E-05
"PRO",252,-4.62670872765198E-05,"PRO",252,-1.62986330178716E-05,2.99684542586482E-05
"LEU",253,-1.52471083070246E-05,"LEU",253,-2.73396424815285E-05,-1.20925341745039E-05
"SER",254,-2.73396424815856E-05,"SER",254,-7.36067297580863E-06,1.9978969505777E-05
"ALA",255,4.20609884334967E-06,"ALA",255,-1.84016824395481E-05,-2.26077812828978E-05
"GLN",256,-4.04837013669289E-05,"GLN",256,-1.10410094635584E-05,2.94426919033705E-05
"THR",257,-2.52365930599519E-05,"THR",257,1.57728706624126E-05,4.10094637223645E-05
"GLY",258,-2.62881177706538E-06,"GLY",258,8.41219768662463E-06,1.104100946369E-05
"ILE",259,-3.83806519453073E-05,"ILE",259,-3.15457413250232E-06,3.5226077812805E-05
"ALA",260,-5.78338590960023E-06,"ALA",260,-2.05047318612191E-05,-1.47213459516189E-05
"VAL",261,-6.83491062040805E-06,"VAL",261,5.25762355415119E-06,1.20925341745592E-05
"LEU",262,-9.98948475291464E-06,"LEU",262,-4.73186119879485E-06,5.25762355411979E-06
"ASP",263,3.15457413247243E-05,"ASP",263,-4.73186119880186E-06,-3.62776025235262E-05
"MET",264,-1.62986330178493E-05,"MET",264,-4.31125131440686E-05,-2.68138801262193E-05
"CYS",265,-2.47108307045192E-05,"CYS",265,-2.99684542586775E-05,-5.2576235541583E-06
"ALA",266,1.10410094637243E-05,"ALA",266,-2.99684542586818E-05,-4.10094637224061E-05
"SER",267,8.93796004204962E-06,"SER",267,-8.41219768666389E-06,-1.73501577287135E-05
"LEU",268,1.52471083070423E-05,"LEU",268,-3.04942166140443E-05,-4.57413249210866E-05
"LYS",269,-6.41430073603815E-05,"LYS",269,-5.941114616207E-05,4.7318611983115E-06
"GLU",270,5.2576235550005E-07,"GLU",270,-1.7350157728711E-05,-1.78759200842111E-05
"LEU",271,-2.99684542586867E-05,"LEU",271,-2.89169295479154E-05,1.0515247107713E-06
"LEU",272,-5.04731861199107E-05,"LEU",272,-4.83701366981679E-05,2.1030494217428E-06
"GLN",273,-7.8864353311484E-06,"GLN",273,-2.20820189273821E-05,-1.41955835962337E-05
"ASN",274,-2.36593059938188E-05,"ASN",274,-3.89064143005819E-05,-1.52471083067631E-05
"GLY",275,-1.73501577287203E-05,"GLY",275,-1.41955835962251E-05,3.1545741324952E-06
"MET",276,-3.25972660357228E-05,"MET",276,-3.83806519453478E-05,-5.783385909625E-06
"ASN",277,5.78338590948442E-06,"ASN",277,-3.15457413237269E-06,-8.93796004185711E-06
"GLY",278,-2.73396424816031E-05,"GLY",278,-9.4637223974432E-06,1.78759200841599E-05
"ARG",279,-3.83806519456235E-05,"ARG",279,-3.62776025234589E-05,2.1030494221646E-06
"THR",280,3.6803364879157E-06,"THR",280,-3.3648790746534E-05,-3.73291272344497E-05
"ILE",281,1.52471083070195E-05,"ILE",281,-4.73186119870788E-06,-1.99789695057274E-05
"LEU",282,2.1030494216369E-06,"LEU",282,-1.47213459516394E-05,-1.68243953732763E-05
"GLY",283,-3.68033648792586E-06,"GLY",283,1.31440588853727E-05,1.68243953732986E-05
"SER",284,-2.62881177708034E-05,"SER",284,1.20925341745368E-05,3.83806519453402E-05
"ALA",285,-5.78338590956861E-05,"ALA",285,-1.57728706624789E-05,4.20609884332072E-05
"LEU",286,-5.67823343848244E-05,"LEU",286,-5.25762355415901E-06,5.15247108306654E-05
"LEU",287,2.62881177707563E-05,"LEU",287,3.36487907465851E-05,7.3606729758288E-06
"GLU",288,8.56992639327567E-05,"GLU",288,0.000171924290220819,8.62250262880623E-05
"ASP",289,-0.000169295478443622,"ASP",289,-0.000206098843323197,-3.6803364879575E-05
"GLU",290,-0.00255099894847512,"GLU",290,-0.00284490010515255,-0.00029390115667743
"PHE",291,-0.000221871713985315,"PHE",291,-0.000344374342797099,-0.000122502628811784
"THR",292,0.000490536277602531,"THR",292,0.00045899053627768,-3.1545741324851E-05
"PRO",293,-0.00049789695057835,"PRO",293,-0.000494216614090494,3.68033648785607E-06
"PHE",294,-2.52365930599513E-05,"PHE",294,2.10304942163783E-06,2.73396424815891E-05
"ASP",295,-0.000697160883280612,"ASP",295,-0.000476866456361719,0.000220294426918893
"VAL",296,-0.000146687697160908,"VAL",296,-0.000127234490010512,1.9453207150396E-05
"VAL",297,-1.62986330178513E-05,"VAL",297,-3.94321766561432E-05,-2.31335436382919E-05
"ARG",298,0.000763406940063061,"ARG",298,0.000525762355415293,-0.000237644584647768
"GLN",299,-2.05047318614797E-05,"GLN",299,-2.7339642481486E-05,-6.8349106200063E-06
"CYS",300,-1.41955835961789E-05,"CYS",300,1.15667718191491E-05,2.5762355415328E-05
"SER",301,0.0001508937960042,"SER",301,0.000191903259726581,4.1009463722381E-05
"GLY",302,0.000709253417455324,"GLY",302,0.000729232386961089,1.99789695057651E-05
"VAL",303,0.00216246056782327,"VAL",303,0.0030399579390116,0.00087749737118833
"THR",304,0.00440483701366976,"THR",304,0.00567770767613034,0.00127287066246058
"PHE",305,0.00136172450052571,"PHE",305,0.00187486855941115,0.00051314405888544
"SER",306,0.00816508937960044,"SER",306,0.00380441640378545,-0.00436067297581499
"GLY",307,0.00380809674027342,"GLY",307,0.00653838065194532,0.0027302839116719
"PHE",308,0.000954479915877958,"PHE",308,-0.00989981661409038,-0.0108542965299683
"ARG",309,0.0148554153522611,"ARG",309,0.017622714616193,0.0027672992639319
"LYS",310,0.00732860147213448,"LYS",310,0.00765878023133552,0.00033017875920104
"MET",311,0.0014731861198738,"MET",311,0.00146109358569924,-1.20925341745598E-05
"ALA",312,0.00121083070452157,"ALA",312,0.00122134595162984,1.051524710827E-05
"PHE",313,0.000806519453207191,"PHE",313,0.000219768664563605,-0.000586750788643586
"PRO",314,-0.000240273396424783,"PRO",314,-0.000429547844374327,-0.000189274447949544
"SER",315,0.000317034700315474,"SER",315,-1.31440588853699E-05,-0.000330178759200844
"GLY",316,0.000114090431125134,"GLY",316,-1.9978969505778E-05,-0.000134069400630912
"LYS",317,0.00172187171398539,"LYS",317,0.000664037854889403,-0.00105783385909599
"VAL",318,0.000253417455310178,"VAL",318,0.000233964248159874,-1.9453207150304E-05
"GLU",319,-0.000953207150368098,"GLU",319,-0.000734490010515437,0.000218717139852661
"GLY",320,-8.2018927444774E-05,"GLY",320,-8.14931650893855E-05,5.25762355388506E-07
"CYS",321,-7.83385909568597E-05,"CYS",321,-4.41640378548918E-05,3.41745531019679E-05
"MET",322,-6.30914826498033E-05,"MET",322,-4.83701366982045E-05,1.47213459515988E-05
"VAL",323,-2.10304942166253E-05,"VAL",323,-1.84016824395038E-05,2.6288117771215E-06
"GLN",324,-7.36067297552507E-06,"GLN",324,8.93796004213729E-06,1.62986330176624E-05
"VAL",325,-2.31335436382786E-05,"VAL",325,-2.47108307044654E-05,-1.5772870661868E-06
"THR",326,-3.68033648788301E-06,"THR",326,2.47108307045452E-05,2.83911671924282E-05
"CYS",327,-4.20609884332393E-06,"CYS",327,-1.05152471083124E-05,-6.30914826498847E-06
"GLY",328,5.2576235540362E-07,"GLY",328,-9.4637223974823E-06,-9.98948475288592E-06
"THR",329,-1.62986330178547E-05,"THR",329,-1.15667718191229E-05,4.7318611987318E-06
"THR",330,-1.20925341745389E-05,"THR",330,-2.26077812828644E-05,-1.05152471083255E-05
"THR",331,-1.7350157728697E-05,"THR",331,9.98948475293659E-06,2.73396424816336E-05
"LEU",332,-4.20609884337979E-06,"LEU",332,-3.3648790746534E-05,-2.94426919031542E-05
"ASN",333,3.15457413243993E-06,"ASN",333,-1.6824395373211E-05,-1.99789695056509E-05
"GLY",334,2.94426919032275E-05,"GLY",334,-1.31440588853812E-05,-4.25867507886087E-05
"LEU",335,-6.83491062038412E-06,"LEU",335,-2.62881177707358E-05,-1.94532071503517E-05
"TRP",336,-2.36593059936957E-05,"TRP",336,-1.68243953733031E-05,6.8349106203926E-06
"LEU",337,-2.99684542587196E-05,"LEU",337,-2.41850683491857E-05,5.7833859095339E-06
"ASP",338,-9.98948475304399E-06,"ASP",338,1.47213459515806E-05,2.47108307046246E-05
"ASP",339,-2.10304942150334E-06,"ASP",339,4.25867507885779E-05,4.46898002100812E-05
"VAL",340,-2.52365930599066E-05,"VAL",340,4.3428282351268E-17,2.523659305995E-05
"VAL",341,-2.31335436382743E-05,"VAL",341,1.05152471083629E-05,3.36487907466372E-05
"TYR",342,-2.26077812828745E-05,"TYR",342,-1.89274447949968E-05,3.6803364878777E-06
"CYS",343,-1.84016824395047E-05,"CYS",343,-2.57623554153483E-05,-7.3606729758436E-06
"PRO",344,1.57728706620129E-06,"PRO",344,-3.68033648784565E-06,-5.25762355404694E-06
"ARG",345,-2.41850683496251E-05,"ARG",345,4.7318611984619E-06,2.8916929548087E-05
"HID",346,-1.73501577286787E-05,"HID",346,-6.83491062040373E-06,1.0515247108275E-05
"VAL",347,-2.62881177704303E-06,"VAL",347,2.05047318612014E-05,2.31335436382444E-05
"ILE",348,-1.6824395373309E-05,"ILE",348,3.15457413247256E-06,1.99789695057816E-05
"CYS",349,-5.25762355417542E-06,"CYS",349,-2.62881177709019E-06,2.62881177708523E-06
"THR",350,3.15457413252585E-06,"THR",350,-1.84016824395346E-05,-2.15562565720604E-05
"SER",351,-2.733964248161E-05,"SER",351,-1.20925341745466E-05,1.52471083070634E-05
"GLU",352,3.15457413264166E-06,"GLU",352,7.88643533126794E-06,4.73186119862628E-06
"ASP",353,-1.36698212406963E-05,"ASP",353,-1.31440588855138E-05,5.25762355182501E-07
"MET",354,3.68033648789638E-06,"MET",354,-3.1545741324986E-06,-6.83491062039498E-06
"LEU",355,1.94532071503666E-05,"LEU",355,2.47108307045104E-05,5.2576235541438E-06
"ASN",356,-1.94532071503675E-05,"ASN",356,2.62881177687637E-06,2.20820189272439E-05
"PRO",357,-4.7318611988224E-06,"PRO",357,1.94532071503563E-05,2.41850683491787E-05
"ASN",358,-3.68033648787274E-06,"ASN",358,1.68243953734239E-05,2.05047318612966E-05
"TYR",359,1.73501577287166E-05,"TYR",359,-3.10199789694823E-05,-4.83701366981989E-05
"GLU",360,-1.41955835963533E-05,"GLU",360,1.15667718189651E-05,2.57623554153184E-05
"ASP",361,-8.41219768664845E-06,"ASP",361,9.46372239747297E-06,1.78759200841214E-05
"LEU",362,-4.20609884336806E-06,"LEU",362,-5.25762355395623E-07,3.68033648797244E-06
"LEU",363,6.83491062047693E-06,"LEU",363,4.73186119874722E-06,-2.10304942172971E-06
"ILE",364,2.6813880126183E-05,"ILE",364,1.57728706630122E-06,-2.52365930598818E-05
"ARG",365,4.20609884422454E-06,"ARG",365,-3.20715036799517E-05,-3.62776025241762E-05
"LYS",366,2.10304942165814E-06,"LYS",366,-1.4721345951505E-05,-1.68243953731631E-05
"SER",367,-1.89274447949399E-05,"SER",367,-7.36067297579334E-06,1.15667718191466E-05
"ASN",368,-3.73291272342573E-05,"ASN",368,3.6803364881716E-06,4.10094637224289E-05
"HIE",369,-4.20609884333636E-06,"HIE",369,-1.05152471083657E-05,-6.30914826502934E-06
"ASN",370,-2.57623554153258E-05,"ASN",370,-2.05047318613191E-05,5.2576235540067E-06
"PHE",371,-2.10304942167379E-06,"PHE",371,1.62986330178734E-05,1.84016824395472E-05
"LEU",372,7.88643533121984E-06,"LEU",372,-2.47108307044871E-05,-3.25972660357069E-05
"VAL",373,-1.36698212407229E-05,"VAL",373,-1.31440588853901E-05,5.257623553328E-07
"GLN",374,-1.31440588852822E-05,"GLN",374,-1.31440588853681E-05,-8.58993052469531E-17
"ALA",375,-2.10304942166092E-05,"ALA",375,-2.05047318612135E-05,5.25762355395699E-07
"GLY",376,8.93796004207938E-06,"GLY",376,-2.94426919032644E-05,-3.83806519453438E-05
"ASN",377,-3.5751840167929E-05,"ASN",377,-2.52365930597175E-05,1.05152471082115E-05
"VAL",378,-2.73396424816742E-05,"VAL",378,-1.3144058885414E-05,1.41955835962602E-05
"GLN",379,-2.62881177679419E-06,"GLN",379,-1.89274447949347E-05,-1.62986330181405E-05
"LEU",380,-2.78654048370159E-05,"LEU",380,-1.10410094637288E-05,1.68243953732871E-05
"ARG",381,1.89274447940269E-05,"ARG",381,-5.52893401117218E-16,-1.89274447945798E-05
"VAL",382,1.89274447949483E-05,"VAL",382,8.41219768661156E-06,-1.05152471083367E-05
"ILE",383,-4.73186119872049E-06,"ILE",383,6.30914826500676E-06,1.10410094637273E-05
"GLY",384,-1.47213459516277E-05,"GLY",384,1.47213459516455E-05,2.94426919032732E-05
"HIE",385,-1.68243953733109E-05,"HIE",385,-4.73186119876847E-06,1.20925341745424E-05
"SER",386,6.83491062039165E-06,"SER",386,5.25762355413135E-06,-1.5772870662603E-06
"MET",387,-3.15457413251406E-06,"MET",387,-1.99789695057748E-05,-1.68243953732607E-05
"GLN",388,-3.68033648799975E-06,"GLN",388,-9.98948475293566E-06,-6.30914826493591E-06
"ASN",389,-1.52471083070807E-05,"ASN",389,-1.05152471058917E-06,1.41955835964915E-05
"CYS",390,-1.94532071503654E-05,"CYS",390,1.15667718191126E-05,3.1019978969478E-05
"VAL",391,1.05152471080491E-06,"VAL",391,-1.20925341745842E-05,-1.31440588853891E-05
"LEU",392,-7.36067297576696E-06,"LEU",392,-6.83491062037443E-06,5.2576235539253E-07
"LYS",393,-2.20820189274288E-05,"LYS",393,-4.04837013670873E-05,-1.84016824396585E-05
"LEU",394,-2.62881177714932E-06,"LEU",394,-8.41219768667109E-06,-5.78338590952177E-06
"LYS",395,-2.05047318612168E-05,"LYS",395,-4.41640378549622E-05,-2.36593059937454E-05
"VAL",396,-1.26182965299054E-05,"VAL",396,5.25762355465494E-07,1.31440588853709E-05
"ASP",397,3.10199789695119E-05,"ASP",397,1.10410094636556E-05,-1.99789695058563E-05
"THR",398,1.52471083070807E-05,"THR",398,6.834910620407E-06,-8.4121976866737E-06
"ALA",399,-2.10304942165898E-05,"ALA",399,-1.5772870662167E-06,1.94532071503731E-05
"ASN",400,-2.10304942179847E-06,"ASN",400,-2.62881177714909E-06,-5.2576235535062E-07
"PRO",401,-2.94426919032117E-05,"PRO",401,-2.05047318612079E-05,8.9379600420038E-06
"LYS",402,-0.000174553101997864,"LYS",402,-0.000229232386961071,-5.4679284963207E-05
"THR",403,-3.52260778128913E-05,"THR",403,-2.41850683490797E-05,1.10410094638116E-05
"PRO",404,-0.000150368033648783,"PRO",404,-0.000105678233438475,4.4689800210308E-05
"LYS",405,-1.524710830708E-05,"LYS",405,-0.00015983175604627,-0.00014458464773919
"TYR",406,-5.57308096739787E-05,"TYR",406,-3.52260778129487E-05,2.050473186103E-05
"LYS",407,-4.67928496320499E-05,"LYS",407,-0.000112513144058852,-6.57202944268021E-05
"PHE",408,-2.73396424816282E-05,"PHE",408,-1.47213459516257E-05,1.26182965300025E-05
"VAL",409,-4.7844374342872E-05,"VAL",409,-3.10199789694829E-05,1.68243953733891E-05
"ARG",410,-2.10304942169386E-05,"ARG",410,-3.10199789689516E-05,-9.989484752013E-06
"ILE",411,-2.41850683490664E-05,"ILE",411,-5.25762355411727E-06,1.89274447949491E-05
"GLN",412,-2.20820189275241E-05,"GLN",412,-3.68033648791533E-05,-1.47213459516292E-05
"PRO",413,-1.10410094636504E-05,"PRO",413,-1.99789695057457E-05,-8.9379600420953E-06
"GLY",414,-5.09989484753043E-05,"GLY",414,-2.5236593059983E-05,2.57623554153213E-05
"GLN",415,0.000130389064143006,"GLN",415,6.1514195583677E-05,-6.8874868559329E-05
"THR",416,0.000713985278654013,"THR",416,0.000403785488959023,-0.00031019978969499
"PHE",417,0.000194532071503695,"PHE",417,9.62145110410563E-05,-9.83175604626387E-05
"SER",418,-4.3112513144006E-05,"SER",418,8.35962145110179E-05,0.000126708727655024
"VAL",419,4.62670872765207E-05,"VAL",419,2.94426919032866E-05,-1.68243953732341E-05
"LEU",420,-1.62986330179411E-05,"LEU",420,5.25762355407543E-06,2.15562565720165E-05
"ALA",421,-5.83596214511012E-05,"ALA",421,-1.99789695057643E-05,3.83806519453369E-05
"CYS",422,-5.73080967402637E-05,"CYS",422,-5.57308096740332E-05,1.5772870662305E-06
"TYR",423,-7.25552050473606E-05,"TYR",423,-6.67718191377356E-05,5.783385909625E-06
"ASN",424,-2.94426919035199E-05,"ASN",424,-2.52365930601022E-05,4.2060988434177E-06
"GLY",425,5.2576235541781E-07,"GLY",425,8.41219768663502E-06,7.88643533121721E-06
"SER",426,6.9400630914811E-05,"SER",426,1.73501577287052E-05,-5.20504731861058E-05
"PRO",427,-1.10410094636836E-05,"PRO",427,-3.31230283911661E-05,-2.20820189274825E-05
"SER",428,4.15352260778202E-05,"SER",428,4.52155625657451E-05,3.6803364879249E-06
"GLY",429,0.000332281808622495,"GLY",429,0.000310725552050464,-2.1556256572031E-05
"VAL",430,0.00066929547844368,"VAL",430,0.000537329127234548,-0.000131966351209132
"TYR",431,-5.78338590957393E-05,"TYR",431,-0.000166666666666597,-0.000108832807570858
"GLN",432,0.000939011566771932,"GLN",432,0.000858044164037842,-8.096740273409E-05
"CYS",433,-0.000151419558359637,"CYS",433,-0.000111987381703483,3.9432176656154E-05
"ALA",434,-6.41430073606837E-05,"ALA",434,-5.73080967402865E-05,6.83491062039721E-06
"MET",435,-5.09989484752861E-05,"MET",435,-3.36487907465728E-05,1.73501577287133E-05
"ARG",436,4.99474237643084E-05,"ARG",436,3.36487907474007E-05,-1.62986330169077E-05
"PRO",437,-4.25867507886465E-05,"HIE",437,-3.73291272345803E-05,5.2576235540662E-06
"ASN",438,-1.10410094636855E-05,"ASN",438,-1.73501577291332E-05,-6.3091482654477E-06
"PHE",439,-1.89274447949172E-05,"PHE",439,-3.15457413247472E-06,1.57728706624425E-05
"THR",440,5.2576235530953E-07,"THR",440,-5.78338590977301E-06,-6.30914826508254E-06
"ILE",441,3.15457413251768E-06,"ILE",441,2.36593059937193E-05,2.05047318612016E-05
"LYS",442,-8.20189274449754E-05,"LYS",442,-5.78338590956833E-05,2.41850683492921E-05
"GLY",443,4.83701366982291E-05,"GLY",443,1.99789695057714E-05,-2.83911671924577E-05
"SER",444,-3.89064143007416E-05,"SER",444,-2.31335436382821E-05,1.57728706624595E-05
"PHE",445,-5.94111461619199E-05,"PHE",445,-6.41430073606553E-05,-4.7318611987354E-06
"LEU",446,-2.83911671924004E-05,"LEU",446,-1.36698212408578E-05,1.47213459515426E-05
"ASN",447,9.98948475298422E-06,"ASN",447,1.78759200839234E-05,7.88643533093918E-06
"GLY",448,-8.93796004204985E-06,"GLY",448,2.47108307045142E-05,3.3648790746564E-05
"SER",449,1.62986330178355E-05,"SER",449,-2.36593059937201E-05,-3.99579390115556E-05
"CYS",450,-3.68033648792206E-06,"CYS",450,-8.93796004204699E-06,-5.25762355412493E-06
"GLY",451,-6.30914826497519E-06,"GLY",451,4.206098843308E-06,1.05152471082832E-05
"SER",452,1.15667718191223E-05,"SER",452,-1.0506842504339E-17,-1.15667718191328E-05
"VAL",453,6.94006309147838E-05,"VAL",453,3.73291272344892E-05,-3.20715036802946E-05
"GLY",454,0.000141955835962134,"GLY",454,8.4647739221875E-05,-5.7308096740259E-05
"PHE",455,-0.00030073606729759,"PHE",455,-0.000195057833859094,0.000105678233438496
"ASN",456,0.000620399579390418,"ASN",456,0.000369610935857196,-0.000250788643533222
"ILE",457,0.000366456361724472,"ILE",457,0.000110935856992662,-0.00025552050473181
"ASP",458,0.000664037854889791,"ASP",458,0.000307045215562788,-0.000356992639327003
"TYR",459,0.00256940063091472,"TYR",459,0.00143007360672978,-0.00113932702418494
"ASP",460,0.00075236593059945,"ASP",460,0.000441114616193267,-0.000311251314406183
"CYS",461,8.62250262881472E-05,"CYS",461,7.36067297581295E-06,-7.88643533123343E-05
"VAL",462,3.7329127234523E-05,"VAL",462,2.52365930600093E-05,-1.20925341745137E-05
"SER",463,-7.15036803364866E-05,"SER",463,-5.09989484752674E-05,2.05047318612192E-05
"PHE",464,-8.8853838065186E-05,"PHE",464,-5.04731861198963E-05,3.83806519452897E-05
"CYS",465,-7.30809674027353E-05,"CYS",465,-3.4700315457405E-05,3.83806519453303E-05
"TYR",466,-3.89064143007923E-05,"TYR",466,-6.3091482649812E-06,3.25972660358111E-05
"MET",467,-2.73396424816056E-05,"MET",467,-3.15457413249675E-05,-4.2060988433619E-06
"HID",468,-2.52365930599297E-05,"HID",468,-2.62881177707613E-05,-1.0515247108316E-06
"HIE",469,-9.4637223974732E-06,"HIE",469,9.46372239749935E-06,1.89274447949725E-05
"MET",470,-2.15562565720409E-05,"MET",470,-8.41219768663032E-06,1.31440588854106E-05
"GLU",471,9.9894847528983E-06,"GLU",471,4.20609884326819E-06,-5.78338590963011E-06
"LEU",472,-1.26182965300587E-05,"LEU",472,-1.36698212407497E-05,-1.051524710691E-06
"PRO",473,-1.36698212408532E-05,"PRO",473,-8.93796004198039E-06,4.73186119887281E-06
"THR",474,-2.99684542587696E-05,"THR",474,1.68243953732801E-05,4.67928496320497E-05
"GLY",475,5.25762355414775E-06,"GLY",475,-2.52365930599553E-05,-3.0494216614103E-05
"VAL",476,-1.20925341745669E-05,"VAL",476,-2.05047318612558E-05,-8.4121976866889E-06
"HIE",477,-1.52471083070386E-05,"HIE",477,-5.36277602524053E-05,-3.83806519453667E-05
"ALA",478,-2.31335436382784E-05,"ALA",478,5.25762355416447E-06,2.83911671924429E-05
"GLY",479,-5.2576235539959E-07,"GLY",479,-1.68243953733089E-05,-1.62986330179093E-05
"THR",480,-1.5772870661658E-06,"THR",480,6.8349106203575E-06,8.4121976865233E-06
"ASP",481,6.83491062053682E-06,"ASP",481,2.10304942166323E-05,1.41955835960955E-05
"LEU",482,-3.68033648791327E-05,"LEU",482,-3.1545741324913E-05,5.2576235542197E-06
"GLU",483,-1.10410094636556E-05,"GLU",483,2.20820189274008E-05,3.31230283910564E-05
"GLY",484,-2.26077812828423E-05,"GLY",484,-1.62986330178489E-05,6.3091482649934E-06
"ASN",485,6.83491062072361E-06,"ASN",485,-6.30914826474538E-06,-1.3144058885469E-05
"PHE",486,1.10410094636867E-05,"PHE",486,-4.2060988433213E-05,-5.31019978968997E-05
"TYR",487,-2.62881177708406E-05,"TYR",487,-1.99789695057854E-05,6.3091482650552E-06
"GLY",488,-2.26077812828397E-05,"GLY",488,5.25762355430004E-07,2.31335436382697E-05
"PRO",489,1.05152471086561E-06,"PRO",489,-3.15457413249298E-05,-3.25972660357954E-05
"PHE",490,1.52471083071059E-05,"PHE",490,-1.31440588853634E-05,-2.83911671924693E-05
"VAL",491,8.93796004212515E-06,"VAL",491,-9.46372239751406E-06,-1.84016824396392E-05
"ASP",492,-9.98948475281611E-06,"ASP",492,1.47213459517076E-05,2.47108307045237E-05
"ARG",493,-1.73501577291929E-05,"ARG",493,-1.57728706567081E-06,1.57728706635221E-05
"GLN",494,-1.73501577286363E-05,"GLN",494,-5.25762355376769E-07,1.68243953732595E-05
"THR",495,2.62881177708558E-06,"THR",495,-2.20820189274298E-05,-2.47108307045154E-05
"ALA",496,-1.68243953732908E-05,"ALA",496,3.15457413246468E-06,1.99789695057555E-05
"GLN",497,-1.41955835962225E-05,"GLN",497,-9.98948475272272E-06,4.20609884349978E-06
"ALA",498,-2.20820189274592E-05,"ALA",498,3.68033648789702E-06,2.57623554153562E-05
"ALA",499,-8.41219768663374E-06,"ALA",499,1.52471083070323E-05,2.3659305993666E-05
"GLY",500,4.73186119872504E-06,"GLY",500,1.57728706623152E-06,-3.15457413249352E-06
"THR",501,4.20609884325138E-06,"THR",501,1.41955835962085E-05,9.98948475295712E-06
"ASP",502,1.05152471080621E-05,"ASP",502,-1.84016824397036E-05,-2.89169295477657E-05
"THR",503,-1.99789695057798E-05,"THR",503,7.36067297589397E-06,2.73396424816738E-05
"THR",504,4.10094637224579E-05,"THR",504,5.09989484753011E-05,9.9894847528432E-06
"ILE",505,-5.73080967402783E-05,"ILE",505,-1.7350157728693E-05,3.99579390115853E-05
"THR",506,1.36698212407412E-05,"THR",506,2.05047318611547E-05,6.8349106204135E-06
"VAL",507,1.26182965300327E-05,"VAL",507,1.68243953732913E-05,4.2060988432586E-06
"ASN",508,0.000125131440588794,"ASN",508,0.000106729758149273,-1.8401682439521E-05
"VAL",509,-0.000135120925341745,"VAL",509,-9.25341745532307E-05,4.25867507885143E-05
"LEU",510,-0.000252891692954684,"LEU",510,-0.000195057833859067,5.7833859095617E-05
"ALA",511,0.000250262881177695,"ALA",511,0.000227655099894862,-2.2607781282833E-05
"TRP",512,-0.000305993690851668,"TRP",512,-0.000420084121976868,-0.0001140904311252
"LEU",513,-0.000574132492113565,"LEU",513,-0.00053101997896956,4.3112513144005E-05
"TYR",514,-0.000304942166140969,"TYR",514,-0.000407991587802317,-0.000103049421661348
"ALA",515,0.000844374342797031,"ALA",515,0.000264984227129318,-0.000579390115667713
"ALA",516,-0.00136645636172449,"ALA",516,-0.0016225026288118,-0.00025604626708731
"VAL",517,0.00185015772870661,"VAL",517,0.00231125131440593,0.00046109358569932
"ILE",518,0.00781282860147216,"ILE",518,0.00787276550998956,5.99369085174002E-05
"ASN",519,0.027282571608833,"ASN",519,0.0240950805467927,-0.0031874910620403
"GLY",520,0.00460147213459516,"GLY",520,0.00550683491062042,0.000905362776025259
"ASP",521,0.00929442691903292,"ASP",521,0.00854574132492106,-0.000748685594111861
"ARG",522,0.00994479495268162,"ARG",522,0.0123128286014721,0.00236803364879048
"TRP",523,-0.000268138801261871,"TRP",523,-0.000162460567823314,0.000105678233438557
"PHE",524,-0.000630914826498385,"PHE",524,-0.000690851735015727,-5.9936908517342E-05
"LEU",525,-3.99579390115745E-05,"LEU",525,3.99579390115626E-05,7.99158780231371E-05
"ASN",526,-6.67718191375568E-05,"ASN",526,-5.52050473184348E-05,1.1566771819122E-05
"ARG",527,-5.57308096740992E-05,"ARG",527,2.68138801266846E-05,8.25446898007838E-05
"PHE",528,-4.31125131440621E-05,"PHE",528,-6.25657202944646E-05,-1.94532071504025E-05
"THR",529,-1.9978969505735E-05,"THR",529,-1.99789695057901E-05,-5.51011872847867E-17
"THR",530,-2.36593059937777E-05,"THR",530,-3.6803364880147E-06,1.9978969505763E-05
"THR",531,-1.57728706621716E-06,"THR",531,2.10304942169573E-06,3.68033648791289E-06
"LEU",532,-3.94321766561076E-05,"LEU",532,-1.41955835961898E-05,2.52365930599178E-05
"ASN",533,-1.99789695056322E-05,"ASN",533,-1.57728706620129E-06,1.84016824394309E-05
"ASP",534,-2.10304942206371E-06,"ASP",534,-3.73291272346159E-05,-3.52260778125522E-05
"PHE",535,-6.72975814931814E-05,"PHE",535,-5.52050473186405E-05,1.20925341745409E-05
"ASN",536,-1.47213459514125E-05,"ASN",536,-1.1041009463622E-05,3.6803364877905E-06
"LEU",537,-1.62986330177218E-05,"LEU",537,-5.25762355415248E-06,1.10410094635693E-05
"VAL",538,-4.7318611988224E-06,"VAL",538,-2.10304942176134E-06,2.62881177706106E-06
"ALA",539,1.10410094637218E-05,"ALA",539,1.84016824395489E-05,7.3606729758271E-06
"MET",540,-1.52471083069812E-05,"MET",540,-3.47003154574267E-05,-1.94532071504455E-05
"LYS",541,-2.99684542587404E-05,"LYS",541,-2.7339642481628E-05,2.6288117771124E-06
"TYR",542,-2.99684542587164E-05,"TYR",542,-5.41535226077078E-05,-2.41850683489914E-05
"ASN",543,-2.57623554153669E-05,"ASN",543,-1.1954451916048E-16,2.57623554152474E-05
"TYR",544,-7.6761303890633E-05,"TYR",544,-5.67823343848343E-05,1.99789695057987E-05
"GLU",545,-3.68033648789851E-05,"GLU",545,-3.62776025237989E-05,5.25762355186201E-07
"PRO",546,-3.47003154574958E-05,"PRO",546,-8.93796004207285E-06,2.57623554154229E-05
"LEU",547,-1.68243953733205E-05,"LEU",547,-4.31125131440294E-05,-2.62881177707089E-05
"THR",548,-4.15352260777665E-05,"THR",548,-2.05047318611565E-05,2.103049421661E-05
"GLN",549,-2.89169295477097E-05,"GLN",549,-4.73186119886163E-06,2.41850683488481E-05
"ASP",550,-5.78338590955166E-06,"ASP",550,-1.15667718194171E-05,-5.78338590986544E-06
"HIE",551,-3.68033648791094E-05,"HIE",551,-4.88958990536158E-05,-1.20925341745064E-05
"VAL",552,-5.94111461619668E-05,"VAL",552,-7.09779179809538E-05,-1.1566771818987E-05
"ASP",553,-0.00010147213459487,"ASP",553,-7.3606729758243E-05,2.7865404836627E-05
"ILE",554,3.99579390115505E-05,"ILE",554,2.05047318611502E-05,-1.94532071504003E-05
"LEU",555,-0.000286540483701349,"LEU",555,-0.000264458464773912,2.2082018927437E-05
"GLY",556,-7.04521556256972E-05,"GLY",556,-0.000131966351209256,-6.15141955835588E-05
"PRO",557,0.000335436382755102,"PRO",557,0.000292849631966416,-4.2586750788686E-05
"LEU",558,-0.000399579390115739,"LEU",558,-0.00034279705573083,5.6782334384909E-05
"SER",559,-9.20084121977021E-05,"SER",559,-5.62565720294393E-05,3.57518401682628E-05
"ALA",560,0.000806519453207138,"ALA",560,0.000897476340693998,9.095688748686E-05
"GLN",561,0.00833228180862236,"GLN",561,0.00748317560462686,-0.000849106203995501
"THR",562,0.0016182965299684,"THR",562,0.00179705573080958,0.00017875920084118
"GLY",563,9.35856992639266E-05,"GLY",563,0.000278654048370163,0.000185068349106236
"ILE",564,-0.000242376445846497,"ILE",564,-0.000205047318612049,3.7329127234448E-05
"ALA",565,-9.25341745531124E-05,"ALA",565,-8.99053627760338E-05,2.6288117770786E-06
"VAL",566,-9.51629863301834E-05,"VAL",566,-0.000113564668769749,-1.84016824395656E-05
"LEU",567,-4.57413249211948E-05,"LEU",567,-5.04731861197973E-05,-4.7318611986025E-06
"ASP",568,-4.10094637224364E-05,"ASP",568,-3.83806519450071E-05,2.6288117774293E-06
"MET",569,4.73186119873945E-05,"MET",569,5.83596214511143E-05,1.10410094637198E-05
"CYS",570,-0.0000546792849631999,"CYS",570,-5.46792849632161E-05,-1.62020462150803E-17
"ALA",571,9.98948475289748E-06,"ALA",571,2.94426919032463E-05,1.94532071503488E-05
"SER",572,7.15036803364842E-05,"SER",572,6.88748685594072E-05,-2.628811777077E-06
"LEU",573,-4.8895899053651E-05,"LEU",573,-7.25552050472793E-05,-2.36593059936283E-05
"LYS",574,-6.09884332280845E-05,"LYS",574,-3.15457413247766E-05,2.94426919033079E-05
"GLU",575,-3.9432176656138E-05,"GLU",575,-9.14826498420431E-05,-5.20504731859051E-05
"LEU",576,-9.67402733963961E-05,"LEU",576,-6.94006309147824E-05,2.73396424816137E-05
"LEU",577,-8.78023133542722E-05,"LEU",577,-5.46792849631052E-05,3.3123028391167E-05
"GLN",578,-4.04837013667869E-05,"GLN",578,-1.05152471082116E-05,2.99684542585753E-05
"ASN",579,-3.52260778128511E-05,"ASN",579,-1.26182965297672E-05,2.26077812830839E-05
"GLY",580,-2.10304942166212E-05,"GLY",580,1.62986330178554E-05,3.73291272344766E-05
"MET",581,-8.72765509989586E-05,"MET",581,-6.25657202944162E-05,2.47108307045424E-05
"ASN",582,4.67928496320553E-05,"ASN",582,1.6824395373211E-05,-2.99684542588443E-05
"GLY",583,0.0003370136698212,"GLY",583,0.000334384858044178,-2.62881177702203E-06
"ARG",584,0.00223133543638317,"ARG",584,0.00303522607781289,0.00080389064142972
"THR",585,0.00440904311251299,"THR",585,0.00468191377497369,0.0002728706624607
"ILE",586,0.00215667718191372,"ILE",586,0.00247949526813882,0.0003228180862251
"LEU",587,0.0042960042060988,"LEU",587,0.00392691903259723,-0.000369085173501571
"GLY",588,0.0017245005257624,"GLY",588,0.00151314405888539,-0.00021135646687701
"SER",589,0.000696109358569886,"SER",589,0.000141955835962127,-0.000554153522607759
"ALA",590,-0.000366982124079922,"ALA",590,-0.000375920084122005,-8.93796004208304E-06
"LEU",591,0.000117245005257603,"LEU",591,8.88538380651767E-05,-2.83911671924263E-05
"LEU",592,-0.000110935856992617,"LEU",592,-9.09568874867981E-05,1.99789695058189E-05
"GLU",593,0.000218191377497539,"GLU",593,1.94532071505356E-05,-0.000198738170347003
"ASP",594,-4.99474237645961E-05,"ASP",594,-3.15457413247841E-05,1.8401682439812E-05
"GLU",595,6.51945320716058E-05,"GLU",595,-4.52155625657756E-05,-0.000110410094637381
"PHE",596,-0.000933753943217726,"PHE",596,-0.00115089379600419,-0.000217139852786464
"THR",597,0.000410094637224031,"THR",597,0.00043585699263929,2.5762355415259E-05
"PRO",598,-0.000259726603575153,"PRO",598,-0.000384332281808615,-0.000124605678233462
"PHE",599,0.000287592008412169,"PHE",599,3.15457413248927E-05,-0.000256046267087276
"ASP",600,-0.00108254468980003,"ASP",600,-0.00104679284963189,3.575184016814E-05
"VAL",601,0.000227129337539389,"VAL",601,-0.000116193480546805,-0.000343322818086194
"VAL",602,0.000249737118822263,"VAL",602,-4.10094637223105E-05,-0.000290746582544573
"ARG",603,0.0107181913774979,"ARG",603,0.00786119873816948,-0.00285699263932842
"GLN",604,0.0220096605678233,"GLN",604,0.0163506834910622,-0.0056589770767611
"CYS",605,0.0112409051524711,"CYS",605,0.00835226077812825,-0.00288864437434285
"SER",606,0.0141905825446898,"SER",606,0.0100636172450053,-0.0041269652996845
"GLY",607,0.0110217993690852,"GLY",607,0.00896950578338591,-0.00205229358569929
"VAL",608,0.00372501745531016,"VAL",608,0.00389379600420612,0.00016877854889596
"THR",609,0.00857518401682444,"THR",609,0.00764721345951628,-0.000927970557308161
"PHE",610,0.00276813880126218,"PHE",610,0.0035320715036803,0.00076393270241812
