"Residue","Total","Energy wt","Residue","Total","Energy a285v-kang",
"SER",1,-3.10199789701022E-05,"SER",1,-0.0000358,-4.78002102989781E-06
"GLY",2,-1.47213459516149E-05,"GLY",2,-0.00000841,6.3113459516149E-06
"PHE",3,-6.30914826498461E-05,"PHE",3,-0.0000631,-8.51735015390466E-09
"ARG",4,0.000232386961093081,"ARG",4,0.000239221871713798,6.83491062071701E-06
"LYS",5,0.00271976866456355,"LYS",5,0.00300157728706639,0.00028180862250284
"MET",6,0.000389589905362794,"MET",6,0.000580967402733985,0.000191377497371191
"ALA",7,0.000692429022082022,"ALA",7,0.000709779179810747,1.7350157728725E-05
"PHE",8,-0.000381703470031511,"PHE",8,-0.000715036803364862,-0.000333333333333351
"PRO",9,0.000181388012618321,"PRO",9,0.0000174,-0.000163988012618321
"SER",10,0.000994742376445834,"SER",10,0.00104153522607786,4.67928496320259E-05
"GLY",11,2.94426919032417E-05,"GLY",11,-0.0000815,-0.000110942691903242
"LYS",12,0.000755520504731925,"LYS",12,0.000692429022082014,-6.3091482649911E-05
"VAL",13,0.00288170347003167,"VAL",13,0.00235856992639317,-0.0005231335436385
"GLU",14,0.00186855941114617,"GLU",14,0.00255783385909564,0.00068927444794947
"GLY",15,0.00253470031545743,"GLY",15,0.00305783385909568,0.00052313354363825
"CYS",16,0.0037082018927445,"CYS",16,0.00360830704521557,-9.989484752893E-05
"MET",17,0.0159910620399579,"MET",17,0.0129348054679285,-0.0030562565720294
"VAL",18,-0.00583123028391164,"VAL",18,-0.00464773922187163,0.00118349106204001
"GLN",19,0.0332586115667719,"GLN",19,0.0348566018927445,0.0015979903259726
"VAL",20,-0.0421393270241851,"VAL",20,-0.0340509989484752,0.0080883280757099
"THR",21,-0.00282018927444779,"THR",21,0.00137802313354366,0.00419821240799145
"CYS",22,-0.00391798107255521,"CYS",22,-0.000130389064142973,0.00378759200841224
"GLY",23,0.0138606729758149,"GLY",23,0.012429022082019,-0.0014316508937959
"THR",24,0.0276082948475289,"THR",24,0.0201327419558359,-0.007475552891693
"THR",25,-0.355809246687697,"THR",25,-0.27233927276551,0.083469973922187
"THR",26,-0.09787229022082,"THR",26,-0.0762802855941113,0.0215920046267087
"LEU",27,-0.670542543848581,"LEU",27,-0.568661814090431,0.10188072975815
"ASN",28,-0.0260405896950582,"ASN",28,-0.0091039478443744,0.0169366418506838
"GLY",29,0.00113669821240798,"GLY",29,0.00141324921135648,0.0002765509989485
"LEU",30,-0.00244794952681403,"LEU",30,-0.00264826498422716,-0.00020031545741313
"TRP",31,-0.00347266035751849,"TRP",31,-0.0031966351209253,0.00027602523659319
"LEU",32,-2.26077812828607E-05,"LEU",32,-0.000172975814931755,-0.000150368033648894
"ASP",33,-0.000647213459516408,"ASP",33,-0.000714511041009592,-6.7297581493184E-05
"ASP",34,-6.6246056782378E-05,"ASP",34,-0.000349631966351108,-0.00028338590956873
"VAL",35,0.00539432176656149,"VAL",35,0.00494164037854898,-0.00045268138801251
"VAL",36,0.00334016824395384,"VAL",36,0.00465562565720298,0.00131545741324914
"TYR",37,-0.0149390115667718,"TYR",37,-0.0100252365930598,0.004913774973712
"CYS",38,-0.0667849631966352,"CYS",38,-0.0419269190325974,0.0248580441640378
"PRO",39,-0.156062858885384,"PRO",39,-0.113823068769716,0.042239790115668
"ARG",40,-0.175621906203995,"ARG",40,-0.124522082018927,0.051099824185068
"HID",41,-1.66426126140904,"HID",41,-0.996859488958989,0.667401772450051
"VAL",42,-0.260994162776025,"VAL",42,-0.143463870452156,0.117530292323869
"ILE",43,-0.0176345951629863,"ILE",43,-0.015434279705573,0.0022003154574133
"CYS",44,-0.10509112849632,"CYS",44,-0.0884688063091481,0.0166223221871719
"THR",45,-0.0126480933753943,"THR",45,-0.0243140176656151,-0.0116659242902208
"SER",46,-0.0329066830704522,"SER",46,-0.0452114048370136,-0.0123047217665614
"GLU",47,0.0812991465825441,"GLU",47,0.0593495806519454,-0.0219495659305987
"ASP",48,0.0268022658254468,"ASP",48,0.0121762860147214,-0.0146259798107254
"MET",49,-1.45881053375394,"MET",49,-1.10878335394322,0.35002717981072
"LEU",50,-0.0950218645636172,"LEU",50,-0.0667007886435331,0.0283210759200841
"ASN",51,0.0113643533123026,"ASN",51,0.0118857434279706,0.000521390115668001
"PRO",52,-0.0389885459516299,"PRO",52,-0.0469656054679284,-0.0079770595162985
"ASN",53,0.00731335436382726,"ASN",53,0.0071913774973713,-0.00012197686645596
"TYR",54,-0.0520803188222923,"TYR",54,-0.0522243760252365,-0.000144057202944206
"GLU",55,0.0148675078864352,"GLU",55,0.0125651945320716,-0.0023023133543636
"ASP",56,0.00612460567823336,"ASP",56,0.00563196635120916,-0.0004926393270242
"LEU",57,-0.00470504731861183,"LEU",57,-0.00244216614090434,0.00226288117770749
"LEU",58,0.00297318611987384,"LEU",58,0.00218033648790739,-0.00079284963196645
"ILE",59,0.000682965299684587,"ILE",59,0.000639327024185065,-4.36382754995221E-05
"ARG",60,0.0135678233438483,"ARG",60,0.0133664563617253,-0.000201366982123001
"LYS",61,0.0694300736067297,"LYS",61,0.0641193480546793,-0.00531072555205041
"SER",62,0.0017124079915878,"SER",62,0.00140956887486859,-0.00030283911671921
"ASN",63,0.00413669821240818,"ASN",63,0.00356466876971593,-0.00057202944269225
"HIE",64,0.00347108307045198,"HIE",64,0.00292586750788634,-0.00054521556256564
"ASN",65,0.00109516298632991,"ASN",65,0.00279652996845442,0.00170136698212451
"PHE",66,-0.00114668769716089,"PHE",66,-0.000872765509989476,0.000273922187171414
"LEU",67,-0.00297896950578344,"LEU",67,-0.00213617245005254,0.0008427970557309
"VAL",68,0.00617823343848577,"VAL",68,0.00571398527865408,-0.00046424815983169
"GLN",69,0.00848475289169291,"GLN",69,0.00790063091482667,-0.000584121976866241
"ALA",70,0.000190851735015812,"ALA",70,0.000271819137749719,8.0967402733907E-05
"GLY",71,0.00136225026288118,"GLY",71,0.00118717139852781,-0.00017507886435337
"ASN",72,0.00111934805467864,"ASN",72,0.000888538380651686,-0.000230809674026954
"VAL",73,-0.000156151419558326,"VAL",73,-0.000105152471083094,5.0998948475232E-05
"GLN",74,0.00616876971608832,"GLN",74,0.00526866456361755,-0.000900105152470769
"LEU",75,0.00188222923238699,"LEU",75,0.00151156677181913,-0.00037066246056786
"ARG",76,0.00199999999999919,"ARG",76,0.00175236593059882,-0.00024763406940037
"VAL",77,0.00249053627760247,"VAL",77,0.00192166140904313,-0.00056887486855934
"ILE",78,-0.000624605678233416,"ILE",78,-0.000487907465825434,0.000136698212407982
"GLY",79,0.000418506834910639,"GLY",79,0.000333333333333345,-8.5173501577294E-05
"HIE",80,0.00729600420609885,"HIE",80,0.0063054679284963,-0.00099053627760255
"SER",81,0.00136119873817035,"SER",81,0.00144374342797059,8.25446898002399E-05
"MET",82,0.00534752891692952,"MET",82,0.0050205047318612,-0.00032702418506832
"GLN",83,0.00443848580441646,"GLN",83,0.0050047318611988,0.00056624605678234
"ASN",84,-0.00035015772870681,"ASN",84,0.00722975814931644,0.00757991587802325
"CYS",85,-0.0117250262881178,"CYS",85,-0.00924132492113564,0.00248370136698216
"VAL",86,-0.00701524710830701,"VAL",86,-0.00381808622502628,0.00319716088328073
"LEU",87,-0.00545583596214513,"LEU",87,-0.0040094637223975,0.00144637223974763
"LYS",88,0.0133527865404837,"LYS",88,0.0110147213459515,-0.0023380651945322
"LEU",89,-0.00397896950578336,"LEU",89,-0.003251840168244,0.00072712933753936
"LYS",90,-2.05047318613069E-05,"LYS",90,0.0000347,5.52047318613069E-05
"VAL",91,0.000758675078864389,"VAL",91,0.000572029442691904,-0.000186645636172485
"ASP",92,-0.0011288117770767,"ASP",92,-0.0011177707676128,0.0000110410094639
"THR",93,0.000324395373291394,"THR",93,0.000232386961093557,-9.2008412197837E-05
"ALA",94,0.000601472134595182,"ALA",94,0.000481072555205035,-0.000120399579390147
"ASN",95,0.0022607781282861,"ASN",95,0.00172975814931638,-0.00053101997896972
"PRO",96,-0.000691903259726545,"PRO",96,-0.000558359621451144,0.000133543638275401
"LYS",97,0.000480546792849688,"LYS",97,0.000578338590956768,9.77917981070799E-05
"THR",98,-1.57728706619568E-06,"THR",98,0.00000421,5.78728706619568E-06
"PRO",99,-0.000668769716088361,"PRO",99,-0.000557308096740254,0.000111461619348107
"LYS",100,0.000123028391166976,"LYS",100,0.000156677181913944,3.3648790746968E-05
"TYR",101,-6.94006309147451E-05,"TYR",101,0.0000205,8.99006309147451E-05
"LYS",102,0.000317560462670945,"LYS",102,0.000376971608832683,5.9411146161738E-05
"PHE",103,0.000300210304942177,"PHE",103,0.000432702418506789,0.000132492113564612
"VAL",104,0.00106256572029444,"VAL",104,0.00133491062039962,0.00027234490010518
"ARG",105,0.0121845425867505,"ARG",105,0.0167739221871715,0.004589379600421
"ILE",106,0.00112986330178763,"ILE",106,0.00138275499474237,0.00025289169295474
"GLN",107,0.00222082018927416,"GLN",107,0.00287329127234492,0.00065247108307076
"PRO",108,-5.2576235535155E-07,"PRO",108,0.000740799158780301,0.000741324921135653
"GLY",109,0.000440588853838087,"GLY",109,0.00104889589905365,0.000608307045215563
"GLN",110,0.000895899053627742,"GLN",110,0.00029495268138827,-0.000600946372239472
"THR",111,0.00301051524710835,"THR",111,0.00458044164037852,0.00156992639327017
"PHE",112,0.000354889589905372,"PHE",112,0.000402733964248224,4.7844374342852E-05
"SER",113,0.00442060988433225,"SER",113,0.00779232386961101,0.00337171398527876
"VAL",114,-9.56887486856063E-05,"VAL",114,-0.0040416500525762,-0.00394596130389059
"LEU",115,0.0013633017875919,"LEU",115,0.000942691903259819,-0.000420609884332081
"ALA",116,0.00638906414300736,"ALA",116,0.00945588433228182,0.00306682018927446
"CYS",117,-0.00236014721345949,"CYS",117,0.00266193480546792,0.00502208201892741
"TYR",118,0.000194896740273322,"TYR",118,-0.00511402481598324,-0.00530892155625656
"ASN",119,0.036132769716088,"ASN",119,0.0208519713985277,-0.0152807983175603
"GLY",120,0.0119794952681388,"GLY",120,0.00815772870662457,-0.00382176656151423
"SER",121,0.00332018927444793,"SER",121,0.00372502628811779,0.00040483701366986
"PRO",122,0.00430599369085174,"PRO",122,0.00450105152471079,0.000195057833859051
"SER",123,0.00636382754994744,"SER",123,0.00957939011566771,0.00321556256572027
"GLY",124,0.00258780231335438,"GLY",124,0.00199421661409042,-0.00059358569926396
"VAL",125,0.00363038906414293,"VAL",125,0.00350157728706624,-0.00012881177707669
"TYR",126,-0.00337854889589906,"TYR",126,-0.00157833859095689,0.00180021030494217
"GLN",127,0.00284805467928483,"GLN",127,0.00381756046267071,0.00096950578338588
"CYS",128,0.00168191377497369,"CYS",128,0.00263091482649845,0.00094900105152476
"ALA",129,0.0033301787592008,"ALA",129,0.00416035751840167,0.00083017875920087
"MET",130,0.00527287066246061,"MET",130,0.0068464773922187,0.00157360672975809
"ARG",131,0.00916929547844313,"ARG",131,0.0124868559411149,0.00331756046267177
"PRO",132,0.00285383806519456,"PRO",132,0.0021656151419558,-0.00068822292323876
"ASN",133,0.0114426919032594,"ASN",133,0.0134852786540488,0.0020425867507894
"PHE",134,0.00520662460567819,"PHE",134,0.0072407991587803,0.00203417455310211
"THR",135,0.019273396424816,"THR",135,0.0230436382754995,0.0037702418506835
"ILE",136,0.00165983175604622,"ILE",136,0.00219190325972657,0.00053207150368035
"LYS",137,0.0187407991587804,"LYS",137,0.0246950578338591,0.0059542586750787
"GLY",138,0.00255099894847528,"GLY",138,0.00185751840168242,-0.00069348054679286
"SER",139,0.00984490010515243,"SER",139,0.00929232386961093,-0.0005525762355415
"PHE",140,-0.0774448778128287,"PHE",140,-0.0499297543638275,0.0275151234490012
"LEU",141,-0.0137156092534174,"LEU",141,0.00406355667718194,0.0177791659305993
"ASN",142,-0.0744393556256573,"ASN",142,-0.340246195162986,-0.265806839537329
"GLY",143,-0.506499349737118,"GLY",143,-0.515323596635121,-0.00882424689800298
"SER",144,-0.361982564037855,"SER",144,-0.347914953522607,0.014067610515248
"CYS",145,-1.28516606098843,"CYS",145,-1.26127223596214,0.0238938250262899
"GLY",146,-0.0363131449001053,"GLY",146,-0.0394175810725552,-0.0031044361724499
"SER",147,-0.00623133543638273,"SER",147,-0.00378391167192428,0.00244742376445845
"VAL",148,-0.000520504731861154,"VAL",148,0.000467928496319627,0.000988433228180781
"GLY",149,0.00023133543638278,"GLY",149,-0.000417455310199787,-0.000648790746582567
"PHE",150,-0.00339642481598318,"PHE",150,-0.00315509989484746,0.00024132492113572
"ASN",151,-0.000738696109358436,"ASN",151,-0.000542060988433642,0.000196635120924794
"ILE",152,-0.000467928496319677,"ILE",152,-0.000473711882229235,-5.78338590955804E-06
"ASP",153,-0.000258149316508971,"ASP",153,-0.0003159831756046,-5.7833859095629E-05
"TYR",154,-6.67718191377706E-05,"TYR",154,-0.0000689,-2.1281808622294E-06
"ASP",155,5.15247108307525E-05,"ASP",155,-0.0000137,-6.52247108307525E-05
"CYS",156,0.000363827549947407,"CYS",156,0.000322818086225022,-4.1009463722385E-05
"VAL",157,0.00164563617245006,"VAL",157,0.00154206098843316,-0.0001035751840169
"SER",158,0.00125709779179811,"SER",158,0.00122029442691905,-3.68033648790599E-05
"PHE",159,0.000971608832807627,"PHE",159,0.00159621451104102,0.000624605678233393
"CYS",160,0.00464248159831761,"CYS",160,0.00659095688748691,0.0019484752891693
"TYR",161,-0.0150415352260778,"TYR",161,-0.0152108307045215,-0.000169295478443699
"MET",162,-0.0251913774973712,"MET",162,-0.0222986330178759,0.0028927444794953
"HID",163,-0.071938821871714,"HID",163,-0.046268410515247,0.025670411356467
"HIE",164,-0.229438503470032,"HIE",164,-0.0967033829652994,0.132735120504733
"MET",165,-2.77964786961094,"MET",165,-2.65508064016824,0.1245672294427
"GLU",166,-1.82037374679285,"GLU",166,-2.30536526056782,-0.48499151377497
"LEU",167,-0.529981762776026,"LEU",167,-0.565623623974763,-0.0356418611987369
"PRO",168,-0.748726507676131,"PRO",168,-0.910222997266035,-0.161496489589904
"THR",169,-0.0190278431125131,"THR",169,-0.0278548895899053,-0.0088270464773922
"GLY",170,0.00981403995793904,"GLY",170,0.0095301001051525,-0.000283939852786541
"VAL",171,-0.0598619104100948,"VAL",171,-0.0601629863301788,-0.000301075920084
"HIE",172,-0.223107931861199,"HIE",172,-0.137396487907466,0.085711443953733
"ALA",173,-0.0662414477392218,"ALA",173,-0.0786635120925342,-0.0124220643533124
"GLY",174,-0.0213548895899054,"GLY",174,-0.0185667718191377,0.0027881177707677
"THR",175,-0.0126251314405888,"THR",175,-0.0122160883280758,0.000409043112512998
"ASP",176,-0.00750315457413233,"ASP",176,-0.00988958990536267,-0.00238643533123034
"LEU",177,0.00185962145110412,"LEU",177,0.00116929547844388,-0.00069032597266024
"GLU",178,0.00346635120925364,"GLU",178,0.00394321766561506,0.00047686645636142
"GLY",179,0.00165089379600422,"GLY",179,0.0041161934805468,0.00246529968454258
"ASN",180,0.00539695057833846,"ASN",180,0.00591640378548883,0.00051945320715037
"PHE",181,-0.0170417076761303,"PHE",181,-0.0367090637223977,-0.0196673560462674
"TYR",182,0.00901472134595163,"TYR",182,0.00752523659305993,-0.0014894847528917
"GLY",183,0.0114106203995794,"GLY",183,0.0136955835962145,0.0022849631966351
"PRO",184,0.00552786540483705,"PRO",184,0.00622502628811783,0.00069716088328078
"PHE",185,-0.0428402128286015,"PHE",185,-0.0473832559411147,-0.0045430431125132
"VAL",186,-0.107377086855941,"VAL",186,-0.124564282649842,-0.017187195793901
"ASP",187,-0.0626679491062043,"ASP",187,0.00153262334384845,0.0642005724500527
"ARG",188,-0.416357223554153,"ARG",188,-0.418695589064142,-0.002338365509989
"GLN",189,-1.65541421366982,"GLN",189,-1.68835372870663,-0.0329395150368099
"THR",190,-0.156218395793901,"THR",190,-0.196640732702419,-0.040422336908518
"ALA",191,-0.116615350157729,"ALA",191,-0.096686676761304,0.019928673396425
"GLN",192,-0.220051800210305,"GLN",192,-0.201526133333333,0.018525666876972
"ALA",193,-0.0045147213459516,"ALA",193,-0.00756711167192423,-0.00305239032597263
"ALA",194,-0.00448317560462675,"ALA",194,-0.00638275499474236,-0.00189957939011561
"GLY",195,0.00285226077812828,"GLY",195,0.00168454258675082,-0.00116771819137746
"THR",196,0.00530967402733967,"THR",196,0.00640063091482649,0.00109095688748682
"ASP",197,0.00109884332281799,"ASP",197,-0.000663512092534171,-0.00176235541535216
"THR",198,0.000861198738170227,"THR",198,0.000946372239747766,8.51735015775391E-05
"THR",199,0.000557833859095685,"THR",199,0.000868559411146247,0.000310725552050562
"ILE",200,-6.41430073606324E-05,"ILE",200,0.0000499,0.000114043007360632
"THR",201,2.99684542586613E-05,"THR",201,0.0000768,4.68315457413387E-05
"VAL",202,0.00022082018927446,"VAL",202,0.000327549947423709,0.000106729758149249
"ASN",203,0.000769190325972437,"ASN",203,0.00104942166140892,0.000280231335436483
"VAL",204,-6.57202944268357E-05,"VAL",204,-0.0000536,1.21202944268357E-05
"LEU",205,-6.88748685594566E-05,"LEU",205,-0.0000315,3.73748685594566E-05
"ALA",206,4.78443743428076E-05,"ALA",206,0.0000421,-5.7443743428076E-06
"TRP",207,-0.000219242902208182,"TRP",207,-0.000184542586750783,3.4700315457399E-05
"LEU",208,-5.94111461619565E-05,"LEU",208,-0.0000557,3.7111461619565E-06
"TYR",209,-5.09989484753632E-05,"TYR",209,-0.0000599,-8.9010515246368E-06
"ALA",210,-3.57518401682174E-05,"ALA",210,-0.0000168,1.89518401682174E-05
"ALA",211,-3.04942166140818E-05,"ALA",211,-0.0000221,8.3942166140818E-06
"VAL",212,-3.1019978969592E-05,"VAL",212,-0.0000184,1.2619978969592E-05
"ILE",213,-6.30914826499894E-06,"ILE",213,-0.00000999,-3.68085173500106E-06
"ASN",214,-2.99684542588742E-05,"ASN",214,-0.0000126,1.73684542588742E-05
"GLY",215,1.47213459516113E-05,"GLY",215,-0.0000168,-3.15213459516113E-05
"ASP",216,-8.41219768654011E-06,"ASP",216,0.00000683,1.52421976865401E-05
"ARG",217,-6.3617245004097E-05,"ARG",217,-0.00000789,5.5727245004097E-05
"TRP",218,-1.68243953732872E-05,"TRP",218,-0.0000258,-8.9756046267128E-06
"PHE",219,-2.31335436382566E-05,"PHE",219,-0.00000946,1.36735436382566E-05
"LEU",220,-3.7854889589855E-05,"LEU",220,-0.0000352,2.654889589855E-06
"ASN",221,-1.05152471082078E-05,"ASN",221,-0.00000999,5.25247108207802E-07
"ARG",222,-1.10410094640441E-05,"ARG",222,-0.0000305,-1.94589905359559E-05
"PHE",223,-5.25762355415458E-06,"PHE",223,-0.0000152,-9.94237644584542E-06
"THR",224,-5.2576235538564E-07,"THR",224,-0.00000578,-5.25423764461436E-06
"THR",225,1.05152471078996E-06,"THR",225,-0.00000578,-6.83152471078996E-06
"THR",226,1.20925341745427E-05,"THR",226,-0.00000368,-1.57725341745427E-05
"LEU",227,-1.36698212408077E-05,"LEU",227,-0.0000195,-5.8301787591923E-06
"ASN",228,-1.20925341742298E-05,"ASN",228,-0.00000473,7.3625341742298E-06
"ASP",229,2.10304942172375E-06,"ASP",229,0.0000279,2.57969505782762E-05
"PHE",230,-5.15247108306961E-05,"PHE",230,-0.0000536,-2.0752891693039E-06
"ASN",231,-2.41850683489901E-05,"ASN",231,-0.0000231,1.0850683489901E-06
"LEU",232,3.15457413251441E-06,"LEU",232,-0.00000841,-1.15645741325144E-05
"VAL",233,-1.9453207150421E-05,"VAL",233,-0.000021,-1.546792849579E-06
"ALA",234,5.25762355416284E-06,"ALA",234,-0.0000116,-1.68576235541628E-05
"MET",235,-6.62460567823602E-05,"MET",235,-0.0000967,-3.04539432176398E-05
"LYS",236,-8.72765509990374E-05,"LYS",236,-0.000126182965299694,-3.89064143006566E-05
"TYR",237,-4.73186119873279E-05,"TYR",237,-0.0000405,6.8186119873279E-06
"ASN",238,0.000272344900104832,"ASN",238,0.000435331230284414,0.000162986330179582
"TYR",239,-7.83385909568469E-05,"TYR",239,-0.0000195,5.88385909568469E-05
"GLU",240,0.000420084121976975,"GLU",240,0.000903259726603682,0.000483175604626707
"PRO",241,-0.000146161934805452,"PRO",241,-0.000212407991587827,-6.6246056782375E-05
"LEU",242,-4.15352260778134E-05,"LEU",242,-0.0000573,-1.57647739221866E-05
"THR",243,-5.99369085172917E-05,"THR",243,-0.0000484,1.15369085172917E-05
"GLN",244,-3.4700315457295E-05,"GLN",244,-0.0000342,5.00315457295003E-07
"ASP",245,1.4721345951603E-05,"ASP",245,0.00000158,-1.3141345951603E-05
"HIE",246,-0.000124079915878029,"HIE",246,-0.000120399579390141,3.68033648788799E-06
"VAL",247,-3.68033648791185E-05,"VAL",247,-0.0000515,-1.46966351208815E-05
"ASP",248,6.83491062042101E-06,"ASP",248,0.0000116,4.76508937957899E-06
"ILE",249,-4.15352260778175E-05,"ILE",249,-0.00003,1.15352260778175E-05
"LEU",250,-3.20715036802879E-05,"LEU",250,-0.0000578,-2.57284963197121E-05
"GLY",251,-9.46372239748429E-06,"GLY",251,-0.0000258,-1.63362776025157E-05
"PRO",252,-4.62670872765198E-05,"PRO",252,-0.0000263,1.99670872765198E-05
"LEU",253,-1.52471083070246E-05,"LEU",253,-0.0000226,-7.3528916929754E-06
"SER",254,-2.73396424815856E-05,"SER",254,-0.00000946,1.78796424815856E-05
"ALA",255,4.20609884334967E-06,"ALA",255,-0.0000168,-2.10060988433497E-05
"GLN",256,-4.04837013669289E-05,"GLN",256,-0.00000105,3.94337013669289E-05
"THR",257,-2.52365930599519E-05,"THR",257,0.00000736,3.25965930599519E-05
"GLY",258,-2.62881177706538E-06,"GLY",258,-0.00000421,-1.58118822293462E-06
"ILE",259,-3.83806519453073E-05,"ILE",259,-0.00002,1.83806519453073E-05
"ALA",260,-5.78338590960023E-06,"ALA",260,-0.0000147,-8.91661409039977E-06
"VAL",261,-6.83491062040805E-06,"VAL",261,-0.0000189,-1.20650893795919E-05
"LEU",262,-9.98948475291464E-06,"LEU",262,-0.0000247,-1.47105152470854E-05
"ASP",263,3.15457413247243E-05,"ASP",263,-0.0000131,-4.46457413247243E-05
"MET",264,-1.62986330178493E-05,"MET",264,-0.0000116,4.6986330178493E-06
"CYS",265,-2.47108307045192E-05,"CYS",265,-0.0000258,-1.0891692954808E-06
"ALA",266,1.10410094637243E-05,"ALA",266,-0.00000736,-1.84010094637243E-05
"SER",267,8.93796004204962E-06,"SER",267,-0.0000116,-2.05379600420496E-05
"LEU",268,1.52471083070423E-05,"LEU",268,-0.0000116,-2.68471083070423E-05
"LYS",269,-6.41430073603815E-05,"LYS",269,-0.0000668,-2.6569926396185E-06
"GLU",270,5.2576235550005E-07,"GLU",270,0.0000163,0.0000157742376444999
"LEU",271,-2.99684542586867E-05,"LEU",271,-0.0000263,3.6684542586867E-06
"LEU",272,-5.04731861199107E-05,"LEU",272,-0.0000536,-3.1268138800893E-06
"GLN",273,-7.8864353311484E-06,"GLN",273,-0.0000242,-1.63135646688516E-05
"ASN",274,-2.36593059938188E-05,"ASN",274,-0.0000142,9.4593059938188E-06
"GLY",275,-1.73501577287203E-05,"GLY",275,0.00000368,2.10301577287203E-05
"MET",276,-3.25972660357228E-05,"MET",276,-0.0000547,-2.21027339642772E-05
"ASN",277,5.78338590948442E-06,"ASN",277,-1.98E-16,-5.78338590968242E-06
"GLY",278,-2.73396424816031E-05,"GLY",278,-0.0000126,1.47396424816031E-05
"ARG",279,-3.83806519456235E-05,"ARG",279,-0.00000263,3.57506519456235E-05
"THR",280,3.6803364879157E-06,"THR",280,-0.00000946,-1.31403364879157E-05
"ILE",281,1.52471083070195E-05,"ILE",281,0.00000105,-1.41971083070195E-05
"LEU",282,2.1030494216369E-06,"LEU",282,-0.00003,-3.21030494216369E-05
"GLY",283,-3.68033648792586E-06,"GLY",283,-0.00000158,2.10033648792586E-06
"SER",284,-2.62881177708034E-05,"SER",284,-0.0000284,-2.1118822291966E-06
"ALA",285,-5.78338590956861E-05,"VAL",285,-0.0000336,2.42338590956861E-05
"LEU",286,-5.67823343848244E-05,"LEU",286,-0.0000468,9.9823343848244E-06
"LEU",287,2.62881177707563E-05,"LEU",287,0.0000352,8.9118822292437E-06
"GLU",288,8.56992639327567E-05,"GLU",288,0.000211882229232282,0.000126182965299525
"ASP",289,-0.000169295478443622,"ASP",289,-0.000495793901156773,-0.000326498422713151
"GLU",290,-0.00255099894847512,"GLU",290,-0.00162828601472137,0.00092271293375375
"PHE",291,-0.000221871713985315,"PHE",291,-0.000273396424815936,-5.1524710830621E-05
"THR",292,0.000490536277602531,"THR",292,0.000738170347003111,0.00024763406940058
"PRO",293,-0.00049789695057835,"PRO",293,-0.000536277602523573,-3.83806519452229E-05
"PHE",294,-2.52365930599513E-05,"PHE",294,-0.00000315,2.20865930599513E-05
"ASP",295,-0.000697160883280612,"ASP",295,-0.000940063091482749,-0.000242902208202137
"VAL",296,-0.000146687697160908,"VAL",296,-0.0000952,5.1487697160908E-05
"VAL",297,-1.62986330178513E-05,"VAL",297,0.0000242,4.04986330178513E-05
"ARG",298,0.000763406940063061,"ARG",298,0.000868559411145871,0.00010515247108281
"GLN",299,-2.05047318614797E-05,"GLN",299,-0.0000452,-2.46952681385203E-05
"CYS",300,-1.41955835961789E-05,"CYS",300,-0.0000158,-1.6044164038211E-06
"SER",301,0.0001508937960042,"SER",301,0.000152996845425868,2.103049421668E-06
"GLY",302,0.000709253417455324,"GLY",302,0.000681388012618292,-2.78654048370319E-05
"VAL",303,0.00216246056782327,"VAL",303,0.00321503680336488,0.00105257623554161
"THR",304,0.00440483701366976,"THR",304,0.00521240799158778,0.00080757097791802
"PHE",305,0.00136172450052571,"PHE",305,0.000937960042061031,-0.000423764458464679
"SER",306,0.00816508937960044,"SER",306,0.00632912723449003,-0.00183596214511041
"GLY",307,0.00380809674027342,"GLY",307,0.00569242902208204,0.00188433228180862
"PHE",308,0.000954479915877958,"PHE",308,-0.00957453753943213,-0.0105290174553101
"ARG",309,0.0148554153522611,"ARG",309,0.0206125131440593,0.0057570977917982
"LYS",310,0.00732860147213448,"LYS",310,0.00697423764458456,-0.00035436382754992
"MET",311,0.0014731861198738,"MET",311,0.00118769716088332,-0.00028548895899048
"ALA",312,0.00121083070452157,"ALA",312,0.00153470031545744,0.00032386961093587
"PHE",313,0.000806519453207191,"PHE",313,0.00061882229232382,-0.000187697160883371
"PRO",314,-0.000240273396424783,"PRO",314,-0.000505257623554152,-0.000264984227129369
"SER",315,0.000317034700315474,"SER",315,-0.0000389,-0.000355934700315474
"GLY",316,0.000114090431125134,"GLY",316,-0.0000478,-0.000161890431125134
"LYS",317,0.00172187171398539,"LYS",317,0.00091850683491047,-0.00080336487907492
"VAL",318,0.000253417455310178,"VAL",318,0.000243427970557219,-9.98948475295898E-06
"GLU",319,-0.000953207150368098,"GLU",319,-0.00108412197686651,-0.000130914826498412
"GLY",320,-8.2018927444774E-05,"GLY",320,-0.0000789,3.11892744477401E-06
"CYS",321,-7.83385909568597E-05,"CYS",321,-0.0000615,1.68385909568597E-05
"MET",322,-6.30914826498033E-05,"MET",322,-0.0000652,-2.1085173501967E-06
"VAL",323,-2.10304942166253E-05,"VAL",323,-0.000021,3.04942166253011E-08
"GLN",324,-7.36067297552507E-06,"GLN",324,-0.0000116,-4.23932702447493E-06
"VAL",325,-2.31335436382786E-05,"VAL",325,-0.0000158,7.3335436382786E-06
"THR",326,-3.68033648788301E-06,"THR",326,0.00000789,1.1570336487883E-05
"CYS",327,-4.20609884332393E-06,"CYS",327,-0.0000116,-7.39390115667607E-06
"GLY",328,5.2576235540362E-07,"GLY",328,0.0000342,3.36742376445964E-05
"THR",329,-1.62986330178547E-05,"THR",329,0.00000473,2.10286330178547E-05
"THR",330,-1.20925341745389E-05,"THR",330,0.00000105,1.31425341745389E-05
"THR",331,-1.7350157728697E-05,"THR",331,-0.00000736,9.990157728697E-06
"LEU",332,-4.20609884337979E-06,"LEU",332,-0.00003,-2.57939011566202E-05
"ASN",333,3.15457413243993E-06,"ASN",333,-0.00000578,-8.93457413243993E-06
"GLY",334,2.94426919032275E-05,"GLY",334,-0.00000421,-3.36526919032275E-05
"LEU",335,-6.83491062038412E-06,"LEU",335,-0.0000142,-7.36508937961588E-06
"TRP",336,-2.36593059936957E-05,"TRP",336,-0.0000289,-5.2406940063043E-06
"LEU",337,-2.99684542587196E-05,"LEU",337,-0.0000195,1.04684542587196E-05
"ASP",338,-9.98948475304399E-06,"ASP",338,0.0000184,2.8389484753044E-05
"ASP",339,-2.10304942150334E-06,"ASP",339,0.00000631,8.41304942150334E-06
"VAL",340,-2.52365930599066E-05,"VAL",340,-0.00000158,2.36565930599066E-05
"VAL",341,-2.31335436382743E-05,"VAL",341,-0.0000137,9.4335436382743E-06
"TYR",342,-2.26077812828745E-05,"TYR",342,-0.00000105,2.15577812828745E-05
"CYS",343,-1.84016824395047E-05,"CYS",343,-0.00000421,1.41916824395047E-05
"PRO",344,1.57728706620129E-06,"PRO",344,-0.0000305,-3.20772870662013E-05
"ARG",345,-2.41850683496251E-05,"ARG",345,-0.0000179,6.2850683496251E-06
"HID",346,-1.73501577286787E-05,"HID",346,0.0000216,3.89501577286787E-05
"VAL",347,-2.62881177704303E-06,"VAL",347,-0.0000379,-3.5271188222957E-05
"ILE",348,-1.6824395373309E-05,"ILE",348,-0.0000231,-6.275604626691E-06
"CYS",349,-5.25762355417542E-06,"CYS",349,-0.0000126,-7.34237644582458E-06
"THR",350,3.15457413252585E-06,"THR",350,-0.0000352,-3.83545741325258E-05
"SER",351,-2.733964248161E-05,"SER",351,0.0000189,4.623964248161E-05
"GLU",352,3.15457413264166E-06,"GLU",352,-0.0000021,-5.25457413264166E-06
"ASP",353,-1.36698212406963E-05,"ASP",353,-0.00000263,1.10398212406963E-05
"MET",354,3.68033648789638E-06,"MET",354,0.00000841,4.72966351210362E-06
"LEU",355,1.94532071503666E-05,"LEU",355,-0.000011,-3.04532071503666E-05
"ASN",356,-1.94532071503675E-05,"ASN",356,-0.00000421,1.52432071503675E-05
"PRO",357,-4.7318611988224E-06,"PRO",357,-0.0000226,-1.78681388011776E-05
"ASN",358,-3.68033648787274E-06,"ASN",358,-0.00000683,-3.14966351212726E-06
"TYR",359,1.73501577287166E-05,"TYR",359,-0.0000137,-3.10501577287166E-05
"GLU",360,-1.41955835963533E-05,"GLU",360,-0.00000368,1.05155835963533E-05
"ASP",361,-8.41219768664845E-06,"ASP",361,0.0000121,2.05121976866484E-05
"LEU",362,-4.20609884336806E-06,"LEU",362,-0.00000631,-2.10390115663194E-06
"LEU",363,6.83491062047693E-06,"LEU",363,-0.00000368,-1.05149106204769E-05
"ILE",364,2.6813880126183E-05,"ILE",364,-0.00000315,-2.9963880126183E-05
"ARG",365,4.20609884422454E-06,"ARG",365,0.0000147,1.04939011557755E-05
"LYS",366,2.10304942165814E-06,"LYS",366,0.0000589,5.67969505783419E-05
"SER",367,-1.89274447949399E-05,"SER",367,0.0000289,4.78274447949399E-05
"ASN",368,-3.73291272342573E-05,"ASN",368,0.00000999,4.73191272342573E-05
"HIE",369,-4.20609884333636E-06,"HIE",369,0.0000431,4.73060988433364E-05
"ASN",370,-2.57623554153258E-05,"ASN",370,0.0000447,7.04623554153258E-05
"PHE",371,-2.10304942167379E-06,"PHE",371,0.00000894,1.10430494216738E-05
"LEU",372,7.88643533121984E-06,"LEU",372,0.00000999,2.10356466878016E-06
"VAL",373,-1.36698212407229E-05,"VAL",373,0.0000021,1.57698212407229E-05
"GLN",374,-1.31440588852822E-05,"GLN",374,0.0000184,3.15440588852822E-05
"ALA",375,-2.10304942166092E-05,"ALA",375,-0.0000105,1.05304942166092E-05
"GLY",376,8.93796004207938E-06,"GLY",376,-0.00000473,-1.36679600420794E-05
"ASN",377,-3.5751840167929E-05,"ASN",377,0.0000231,5.8851840167929E-05
"VAL",378,-2.73396424816742E-05,"VAL",378,-0.0000137,1.36396424816742E-05
"GLN",379,-2.62881177679419E-06,"GLN",379,0.000125657202944432,0.000128286014721226
"LEU",380,-2.78654048370159E-05,"LEU",380,0.0000358,6.36654048370159E-05
"ARG",381,1.89274447940269E-05,"ARG",381,0.0000205,1.5725552059731E-06
"VAL",382,1.89274447949483E-05,"VAL",382,0.00000631,-1.26174447949483E-05
"ILE",383,-4.73186119872049E-06,"ILE",383,0.0000331,3.78318611987205E-05
"GLY",384,-1.47213459516277E-05,"GLY",384,0.0000184,3.31213459516277E-05
"HIE",385,-1.68243953733109E-05,"HIE",385,-0.0000137,3.1243953733109E-06
"SER",386,6.83491062039165E-06,"SER",386,0.0000163,9.46508937960835E-06
"MET",387,-3.15457413251406E-06,"MET",387,0.00004,4.31545741325141E-05
"GLN",388,-3.68033648799975E-06,"GLN",388,-0.0000184,-1.47196635120003E-05
"ASN",389,-1.52471083070807E-05,"ASN",389,-0.0000126,2.6471083070807E-06
"CYS",390,-1.94532071503654E-05,"CYS",390,0.000011,3.04532071503654E-05
"VAL",391,1.05152471080491E-06,"VAL",391,-0.0000152,-1.62515247108049E-05
"LEU",392,-7.36067297576696E-06,"LEU",392,-0.0000021,5.26067297576696E-06
"LYS",393,-2.20820189274288E-05,"LYS",393,-0.0000263,-4.2179810725712E-06
"LEU",394,-2.62881177714932E-06,"LEU",394,-0.0000116,-8.97118822285068E-06
"LYS",395,-2.05047318612168E-05,"LYS",395,-0.0000305,-9.9952681387832E-06
"VAL",396,-1.26182965299054E-05,"VAL",396,0.00000683,1.94482965299054E-05
"ASP",397,3.10199789695119E-05,"ASP",397,0.000011,-2.00199789695119E-05
"THR",398,1.52471083070807E-05,"THR",398,-0.00000105,-1.62971083070807E-05
"ALA",399,-2.10304942165898E-05,"ALA",399,-0.0000174,3.6304942165898E-06
"ASN",400,-2.10304942179847E-06,"ASN",400,-0.00000105,1.05304942179847E-06
"PRO",401,-2.94426919032117E-05,"PRO",401,-0.0000342,-4.7573080967883E-06
"LYS",402,-0.000174553101997864,"LYS",402,-0.0000936,8.0953101997864E-05
"THR",403,-3.52260778128913E-05,"THR",403,-0.0000131,2.21260778128913E-05
"PRO",404,-0.000150368033648783,"PRO",404,-0.000136698212407954,1.3669821240829E-05
"LYS",405,-1.524710830708E-05,"LYS",405,-0.000128286014721435,-0.000113038906414355
"TYR",406,-5.57308096739787E-05,"TYR",406,-0.0000447,1.10308096739787E-05
"LYS",407,-4.67928496320499E-05,"LYS",407,-0.000081,-3.42071503679501E-05
"PHE",408,-2.73396424816282E-05,"PHE",408,-0.000021,6.3396424816282E-06
"VAL",409,-4.7844374342872E-05,"VAL",409,-0.0000473,5.44374342872002E-07
"ARG",410,-2.10304942169386E-05,"ARG",410,-0.0000347,-1.36695057830614E-05
"ILE",411,-2.41850683490664E-05,"ILE",411,-0.0000231,1.0850683490664E-06
"GLN",412,-2.20820189275241E-05,"GLN",412,-0.0000431,-2.10179810724759E-05
"PRO",413,-1.10410094636504E-05,"PRO",413,-0.00000683,4.2110094636504E-06
"GLY",414,-5.09989484753043E-05,"GLY",414,-0.0000473,3.6989484753043E-06
"GLN",415,0.000130389064143006,"GLN",415,0.0000904,-3.9989064143006E-05
"THR",416,0.000713985278654013,"THR",416,0.00057308096740278,-0.000140904311251233
"PHE",417,0.000194532071503695,"PHE",417,0.000148790746582539,-4.5741324921156E-05
"SER",418,-4.3112513144006E-05,"SER",418,0.000119873817034677,0.000162986330178683
"VAL",419,4.62670872765207E-05,"VAL",419,0.0000641,1.78329127234793E-05
"LEU",420,-1.62986330179411E-05,"LEU",420,0.00002,3.62986330179411E-05
"ALA",421,-5.83596214511012E-05,"ALA",421,-0.0000531,5.2596214511012E-06
"CYS",422,-5.73080967402637E-05,"CYS",422,-0.0000694,-1.20919032597363E-05
"TYR",423,-7.25552050473606E-05,"TYR",423,-0.0000641,8.4552050473606E-06
"ASN",424,-2.94426919035199E-05,"ASN",424,0.00000894,3.83826919035199E-05
"GLY",425,5.2576235541781E-07,"GLY",425,-0.0000021,-2.62576235541781E-06
"SER",426,6.9400630914811E-05,"SER",426,0.0000221,-4.7300630914811E-05
"PRO",427,-1.10410094636836E-05,"PRO",427,-0.0000389,-2.78589905363164E-05
"SER",428,4.15352260778202E-05,"SER",428,0.0000347,-6.8352260778202E-06
"GLY",429,0.000332281808622495,"GLY",429,0.00035331230283912,2.1030494216625E-05
"VAL",430,0.00066929547844368,"VAL",430,0.000621976866456363,-4.73186119873169E-05
"TYR",431,-5.78338590957393E-05,"TYR",431,-0.0000289,2.89338590957393E-05
"GLN",432,0.000939011566771932,"GLN",432,0.00119978969505821,0.000260778128286278
"CYS",433,-0.000151419558359637,"CYS",433,-0.000134069400630924,1.7350157728713E-05
"ALA",434,-6.41430073606837E-05,"ALA",434,-0.0000799,-1.57569926393163E-05
"MET",435,-5.09989484752861E-05,"MET",435,-0.0000247,2.62989484752861E-05
"ARG",436,4.99474237643084E-05,"ARG",436,0.0000252,-2.47474237643084E-05
"PRO",437,-4.25867507886465E-05,"PRO",437,-0.000100420609884341,-5.78338590956945E-05
"ASN",438,-1.10410094636855E-05,"ASN",438,-0.0000279,-1.68589905363145E-05
"PHE",439,-1.89274447949172E-05,"PHE",439,-0.000011,7.9274447949172E-06
"THR",440,5.2576235530953E-07,"THR",440,0.00000683,6.30423764469047E-06
"ILE",441,3.15457413251768E-06,"ILE",441,-0.0000131,-1.62545741325177E-05
"LYS",442,-8.20189274449754E-05,"LYS",442,-0.000106729758149492,-2.47108307045166E-05
"GLY",443,4.83701366982291E-05,"GLY",443,0.0000226,-2.57701366982291E-05
"SER",444,-3.89064143007416E-05,"SER",444,-0.0000158,2.31064143007416E-05
"PHE",445,-5.94111461619199E-05,"PHE",445,-0.0000652,-5.7888538380801E-06
"LEU",446,-2.83911671924004E-05,"LEU",446,-0.0000363,-7.9088328075996E-06
"ASN",447,9.98948475298422E-06,"ASN",447,-0.00002,-2.99894847529842E-05
"GLY",448,-8.93796004204985E-06,"GLY",448,2.43E-17,8.93796004207415E-06
"SER",449,1.62986330178355E-05,"SER",449,-0.00002,-3.62986330178355E-05
"CYS",450,-3.68033648792206E-06,"CYS",450,0.000011,1.46803364879221E-05
"GLY",451,-6.30914826497519E-06,"GLY",451,0.0000021,8.40914826497519E-06
"SER",452,1.15667718191223E-05,"SER",452,0.0000231,1.15332281808777E-05
"VAL",453,6.94006309147838E-05,"VAL",453,0.0000363,-3.31006309147838E-05
"GLY",454,0.000141955835962134,"GLY",454,0.000132492113564654,-9.46372239748E-06
"PHE",455,-0.00030073606729759,"PHE",455,-0.000231861198738156,6.8874868559434E-05
"ASN",456,0.000620399579390418,"ASN",456,0.000393270241851112,-0.000227129337539306
"ILE",457,0.000366456361724472,"ILE",457,0.000216614090431137,-0.000149842271293335
"ASP",458,0.000664037854889791,"ASP",458,0.000116719242902086,-0.000547318611987705
"TYR",459,0.00256940063091472,"TYR",459,0.00182281808622508,-0.00074658254468964
"ASP",460,0.00075236593059945,"ASP",460,0.000528391167192408,-0.000223974763407042
"CYS",461,8.62250262881472E-05,"CYS",461,-0.0000163,-0.000102525026288147
"VAL",462,3.7329127234523E-05,"VAL",462,0.0000184,-1.8929127234523E-05
"SER",463,-7.15036803364866E-05,"SER",463,-0.0000463,2.52036803364866E-05
"PHE",464,-8.8853838065186E-05,"PHE",464,-0.0000678,2.1053838065186E-05
"CYS",465,-7.30809674027353E-05,"CYS",465,-0.0000778,-4.7190325972647E-06
"TYR",466,-3.89064143007923E-05,"TYR",466,-0.0000284,1.05064143007923E-05
"MET",467,-2.73396424816056E-05,"MET",467,0.00000946,3.67996424816056E-05
"HID",468,-2.52365930599297E-05,"HID",468,-0.0000242,1.0365930599297E-06
"HIE",469,-9.4637223974732E-06,"HIE",469,-0.0000263,-1.68362776025268E-05
"MET",470,-2.15562565720409E-05,"MET",470,-0.0000126,8.9562565720409E-06
"GLU",471,9.9894847528983E-06,"GLU",471,0.000031,2.10105152471017E-05
"LEU",472,-1.26182965300587E-05,"LEU",472,-0.00003,-1.73817034699413E-05
"PRO",473,-1.36698212408532E-05,"PRO",473,0.00000736,2.10298212408532E-05
"THR",474,-2.99684542587696E-05,"THR",474,-0.0000116,1.83684542587696E-05
"GLY",475,5.25762355414775E-06,"GLY",475,-0.0000247,-2.99576235541477E-05
"VAL",476,-1.20925341745669E-05,"VAL",476,-0.00000631,5.7825341745669E-06
"HIE",477,-1.52471083070386E-05,"HIE",477,-0.0000342,-1.89528916929614E-05
"ALA",478,-2.31335436382784E-05,"ALA",478,0.0000152,3.83335436382784E-05
"GLY",479,-5.2576235539959E-07,"GLY",479,-0.00003,-2.94742376446004E-05
"THR",480,-1.5772870661658E-06,"THR",480,-0.000011,-9.4227129338342E-06
"ASP",481,6.83491062053682E-06,"ASP",481,-0.00000526,-1.20949106205368E-05
"LEU",482,-3.68033648791327E-05,"LEU",482,-0.00000683,2.99733648791327E-05
"GLU",483,-1.10410094636556E-05,"GLU",483,-0.0000116,-5.58990536344402E-07
"GLY",484,-2.26077812828423E-05,"GLY",484,-0.00000736,1.52477812828423E-05
"ASN",485,6.83491062072361E-06,"ASN",485,-0.00000105,-7.88491062072361E-06
"PHE",486,1.10410094636867E-05,"PHE",486,-0.0000216,-3.26410094636867E-05
"TYR",487,-2.62881177708406E-05,"TYR",487,-0.0000421,-1.58118822291594E-05
"GLY",488,-2.26077812828397E-05,"GLY",488,-0.00000789,1.47177812828397E-05
"PRO",489,1.05152471086561E-06,"PRO",489,-0.0000021,-3.15152471086561E-06
"PHE",490,1.52471083071059E-05,"PHE",490,-0.00000999,-2.52371083071059E-05
"VAL",491,8.93796004212515E-06,"VAL",491,0.00000946,5.2203995787485E-07
"ASP",492,-9.98948475281611E-06,"ASP",492,0.0000195,2.94894847528161E-05
"ARG",493,-1.73501577291929E-05,"ARG",493,-0.00000368,1.36701577291929E-05
"GLN",494,-1.73501577286363E-05,"GLN",494,0.00000315,2.05001577286363E-05
"THR",495,2.62881177708558E-06,"THR",495,0.00000894,6.31118822291442E-06
"ALA",496,-1.68243953732908E-05,"ALA",496,0.0000158,3.26243953732908E-05
"GLN",497,-1.41955835962225E-05,"GLN",497,-0.00000999,4.2055835962225E-06
"ALA",498,-2.20820189274592E-05,"ALA",498,0.00000631,2.83920189274592E-05
"ALA",499,-8.41219768663374E-06,"ALA",499,-0.00002,-1.15878023133663E-05
"GLY",500,4.73186119872504E-06,"GLY",500,0.00000683,2.09813880127496E-06
"THR",501,4.20609884325138E-06,"THR",501,-0.0000242,-2.84060988432514E-05
"ASP",502,1.05152471080621E-05,"ASP",502,-0.0000273,-3.78152471080621E-05
"THR",503,-1.99789695057798E-05,"THR",503,0.0000142,3.41789695057798E-05
"THR",504,4.10094637224579E-05,"THR",504,0.000104626708727478,6.36172450050201E-05
"ILE",505,-5.73080967402783E-05,"ILE",505,-0.0000463,1.10080967402783E-05
"THR",506,1.36698212407412E-05,"THR",506,-1.02E-16,-1.36698212408432E-05
"VAL",507,1.26182965300327E-05,"VAL",507,0.0000315,1.88817034699673E-05
"ASN",508,0.000125131440588794,"ASN",508,0.000222923238696061,9.7791798107267E-05
"VAL",509,-0.000135120925341745,"VAL",509,-0.0000899,4.5220925341745E-05
"LEU",510,-0.000252891692954684,"LEU",510,-0.000206098843322742,4.6792849631942E-05
"ALA",511,0.000250262881177695,"ALA",511,0.000263932702418477,1.3669821240782E-05
"TRP",512,-0.000305993690851668,"TRP",512,-0.000427970557308143,-0.000121976866456475
"LEU",513,-0.000574132492113565,"LEU",513,-0.00067087276550998,-9.6740273396415E-05
"TYR",514,-0.000304942166140969,"TYR",514,-0.000639852786540502,-0.000334910620399533
"ALA",515,0.000844374342797031,"ALA",515,0.000827549947423737,-1.6824395373294E-05
"ALA",516,-0.00136645636172449,"ALA",516,-0.00281177707676128,-0.00144532071503679
"VAL",517,0.00185015772870661,"VAL",517,0.00223133543638276,0.00038117770767615
"ILE",518,0.00781282860147216,"ILE",518,0.0103248429022082,0.00251201430073604
"ASN",519,0.027282571608833,"ASN",519,0.0344447899053629,0.0071622182965299
"GLY",520,0.00460147213459516,"GLY",520,0.00710252365930602,0.00250105152471086
"ASP",521,0.00929442691903292,"ASP",521,0.0143385909568875,0.00504416403785458
"ARG",522,0.00994479495268162,"ARG",522,0.0167854889589917,0.00684069400631008
"TRP",523,-0.000268138801261871,"TRP",523,-0.000262355415352316,5.783385909555E-06
"PHE",524,-0.000630914826498385,"PHE",524,-0.000919032597266081,-0.000288117770767696
"LEU",525,-3.99579390115745E-05,"LEU",525,0.000136172450052646,0.000176130389064221
"ASN",526,-6.67718191375568E-05,"ASN",526,-0.000062,4.7718191375568E-06
"ARG",527,-5.57308096740992E-05,"ARG",527,-0.000092,-3.62691903259008E-05
"PHE",528,-4.31125131440621E-05,"PHE",528,-0.0000563,-1.31874868559379E-05
"THR",529,-1.9978969505735E-05,"THR",529,-0.0000284,-8.421030494265E-06
"THR",530,-2.36593059937777E-05,"THR",530,-0.0000473,-2.36406940062223E-05
"THR",531,-1.57728706621716E-06,"THR",531,-0.00000631,-4.73271293378284E-06
"LEU",532,-3.94321766561076E-05,"LEU",532,-0.0000289,1.05321766561076E-05
"ASN",533,-1.99789695056322E-05,"ASN",533,-0.0000147,5.2789695056322E-06
"ASP",534,-2.10304942206371E-06,"ASP",534,-0.0000131,-1.09969505779363E-05
"PHE",535,-6.72975814931814E-05,"PHE",535,-0.0000652,2.0975814931814E-06
"ASN",536,-1.47213459514125E-05,"ASN",536,-0.000011,3.7213459514125E-06
"LEU",537,-1.62986330177218E-05,"LEU",537,-0.00000736,8.9386330177218E-06
"VAL",538,-4.7318611988224E-06,"VAL",538,-0.0000131,-8.3681388011776E-06
"ALA",539,1.10410094637218E-05,"ALA",539,-0.0000142,-2.52410094637218E-05
"MET",540,-1.52471083069812E-05,"MET",540,-0.00000999,5.2571083069812E-06
"LYS",541,-2.99684542587404E-05,"LYS",541,-0.0000247,5.2684542587404E-06
"TYR",542,-2.99684542587164E-05,"TYR",542,-0.0000294,5.68454258716399E-07
"ASN",543,-2.57623554153669E-05,"ASN",543,-0.0000131,1.26623554153669E-05
"TYR",544,-7.6761303890633E-05,"TYR",544,-0.000112513144058832,-3.5751840168199E-05
"GLU",545,-3.68033648789851E-05,"GLU",545,0.00000105,3.78533648789851E-05
"PRO",546,-3.47003154574958E-05,"PRO",546,-0.0000216,1.31003154574958E-05
"LEU",547,-1.68243953733205E-05,"LEU",547,-0.0000121,4.7243953733205E-06
"THR",548,-4.15352260777665E-05,"THR",548,-0.0000336,7.9352260777665E-06
"GLN",549,-2.89169295477097E-05,"GLN",549,-0.00000789,2.10269295477097E-05
"ASP",550,-5.78338590955166E-06,"ASP",550,0.0000221,2.78833859095517E-05
"HIE",551,-3.68033648791094E-05,"HIE",551,-0.0000247,1.21033648791094E-05
"VAL",552,-5.94111461619668E-05,"VAL",552,-0.0000336,2.58111461619668E-05
"ASP",553,-0.00010147213459487,"ASP",553,0.0000105,0.00011197213459487
"ILE",554,3.99579390115505E-05,"ILE",554,0.0000988,5.88420609884495E-05
"LEU",555,-0.000286540483701349,"LEU",555,-0.000328075709779218,-4.1535226077869E-05
"GLY",556,-7.04521556256972E-05,"GLY",556,-0.0000321,3.83521556256972E-05
"PRO",557,0.000335436382755102,"PRO",557,0.000608307045215585,0.000272870662460483
"LEU",558,-0.000399579390115739,"LEU",558,-0.000445320715036851,-4.5741324921112E-05
"SER",559,-9.20084121977021E-05,"SER",559,0.0000358,0.000127808412197702
"ALA",560,0.000806519453207138,"ALA",560,0.00133280757097792,0.000526288117770782
"GLN",561,0.00833228180862236,"GLN",561,0.0107082018927444,0.00237592008412204
"THR",562,0.0016182965299684,"THR",562,0.00243480546792845,0.00081650893796005
"GLY",563,9.35856992639266E-05,"GLY",563,0.00044584647739224,0.000352260778128313
"ILE",564,-0.000242376445846497,"ILE",564,-0.000242902208201924,-5.25762355426995E-07
"ALA",565,-9.25341745531124E-05,"ALA",565,-0.0000778,1.47341745531124E-05
"VAL",566,-9.51629863301834E-05,"VAL",566,-0.000128286014721333,-3.31230283911496E-05
"LEU",567,-4.57413249211948E-05,"LEU",567,-0.0000499,-4.1586750788052E-06
"ASP",568,-4.10094637224364E-05,"ASP",568,0.000129337539432208,0.000170347003154644
"MET",569,4.73186119873945E-05,"MET",569,0.000114090431125143,6.67718191377485E-05
"CYS",570,-0.0000546792849631999,"CYS",570,-0.0000873,-0.0000326207150368001
"ALA",571,9.98948475289748E-06,"ALA",571,0.0000216,1.16105152471025E-05
"SER",572,7.15036803364842E-05,"SER",572,0.000108307045215571,3.68033648790868E-05
"LEU",573,-4.8895899053651E-05,"LEU",573,-0.000116719242902204,-6.7823343848553E-05
"LYS",574,-6.09884332280845E-05,"LYS",574,-0.0000783,-1.73115667719155E-05
"GLU",575,-3.9432176656138E-05,"GLU",575,-0.0000105,2.8932176656138E-05
"LEU",576,-9.67402733963961E-05,"LEU",576,-0.0000668,2.99402733963961E-05
"LEU",577,-8.78023133542722E-05,"LEU",577,-0.0000641,2.37023133542722E-05
"GLN",578,-4.04837013667869E-05,"GLN",578,-0.0000568,-1.63162986332131E-05
"ASN",579,-3.52260778128511E-05,"ASN",579,-0.0000457,-1.04739221871489E-05
"GLY",580,-2.10304942166212E-05,"GLY",580,0.0000426,6.36304942166212E-05
"MET",581,-8.72765509989586E-05,"MET",581,-0.0000347,5.25765509989586E-05
"ASN",582,4.67928496320553E-05,"ASN",582,0.0000868,4.00071503679447E-05
"GLY",583,0.0003370136698212,"GLY",583,0.00073606729758151,0.00039905362776031
"ARG",584,0.00223133543638317,"ARG",584,0.00242954784437433,0.00019821240799116
"THR",585,0.00440904311251299,"THR",585,0.00713827549947424,0.00272923238696125
"ILE",586,0.00215667718191372,"ILE",586,0.00367665615141952,0.0015199789695058
"LEU",587,0.0042960042060988,"LEU",587,0.00561409043112528,0.00131808622502648
"GLY",588,0.0017245005257624,"GLY",588,0.00204153522607779,0.00031703470031539
"SER",589,0.000696109358569886,"SER",589,0.000544164037854899,-0.000151945320714987
"ALA",590,-0.000366982124079922,"VAL",590,-0.00073711882229237,-0.000370136698212448
"LEU",591,0.000117245005257603,"LEU",591,0.000260778128286084,0.000143533123028481
"LEU",592,-0.000110935856992617,"LEU",592,-0.000119873817034644,-8.937960042027E-06
"GLU",593,0.000218191377497539,"GLU",593,0.00126340694006281,0.00104521556256527
"ASP",594,-4.99474237645961E-05,"ASP",594,-0.00000526,4.46874237645961E-05
"GLU",595,6.51945320716058E-05,"GLU",595,0.00023922187171404,0.000174027339642434
"PHE",596,-0.000933753943217726,"PHE",596,-0.00137434279705567,-0.000440588853837944
"THR",597,0.000410094637224031,"THR",597,0.000519453207150382,0.000109358569926351
"PRO",598,-0.000259726603575153,"PRO",598,-0.000260778128286028,-1.05152471087497E-06
"PHE",599,0.000287592008412169,"PHE",599,0.000240273396424812,-4.7318611987357E-05
"ASP",600,-0.00108254468980003,"ASP",600,-0.000696109358570049,0.000386435331229981
"VAL",601,0.000227129337539389,"VAL",601,0.000302313354363785,7.5184016824396E-05
"VAL",602,0.000249737118822263,"VAL",602,0.00000105,-0.000248687118822263
"ARG",603,0.0107181913774979,"ARG",603,0.0102970557308098,-0.0004211356466881
"GLN",604,0.0220096605678233,"GLN",604,0.019278226708728,-0.0027314338590953
"CYS",605,0.0112409051524711,"CYS",605,0.0111481232386961,-0.0000927819137750002
"SER",606,0.0141905825446898,"SER",606,0.013429759831756,-0.0007608227129338
"GLY",607,0.0110217993690852,"GLY",607,0.00976906456361726,-0.00125273480546794
"VAL",608,0.00372501745531016,"VAL",608,0.00270098296529969,-0.00102403449001047
"THR",609,0.00857518401682444,"THR",609,0.00180043533123028,-0.00677474868559416
"PHE",610,0.00276813880126218,"PHE",610,-0.00497330767613022,-0.0077414464773924
