"Residue","Total","Energy wt","Residue","Total","Energy k90r-p132h",
"SER",1,-3.10199789701022E-05,"SER",1,-2.47108307045275E-05,6.30914826557472E-06
"GLY",2,-1.47213459516149E-05,"GLY",2,-5.78338590956622E-06,8.93796004204868E-06
"PHE",3,-6.30914826498461E-05,"PHE",3,-2.99684542586491E-05,3.3123028391197E-05
"ARG",4,0.000232386961093081,"ARG",4,0.000400630914826678,0.000168243953733597
"LYS",5,0.00271976866456355,"LYS",5,0.00281966351209251,9.98948475289599E-05
"MET",6,0.000389589905362794,"MET",6,0.000288643533123089,-0.000100946372239705
"ALA",7,0.000692429022082022,"ALA",7,0.000873291272344908,0.000180862250262886
"PHE",8,-0.000381703470031511,"PHE",8,-0.000362776025236733,1.89274447947781E-05
"PRO",9,0.000181388012618321,"PRO",9,0.000100420609884381,-8.09674027339402E-05
"SER",10,0.000994742376445834,"SER",10,0.000668769716088375,-0.000325972660357459
"GLY",11,2.94426919032417E-05,"GLY",11,1.84016824395375E-05,-1.10410094637042E-05
"LYS",12,0.000755520504731925,"LYS",12,0.00052103049421663,-0.000234490010515295
"VAL",13,0.00288170347003167,"VAL",13,0.00289484752891701,1.31440588853429E-05
"GLU",14,0.00186855941114617,"GLU",14,0.00395425867507883,0.00208569926393266
"GLY",15,0.00253470031545743,"GLY",15,0.00332649842271298,0.000791798107255548
"CYS",16,0.0037082018927445,"CYS",16,0.00401104100946372,0.000302839116719218
"MET",17,0.0159910620399579,"MET",17,0.0163916929547844,0.000400630914826477
"VAL",18,-0.00583123028391164,"VAL",18,-0.00539589905362768,0.000435331230283963
"GLN",19,0.0332586115667719,"GLN",19,0.0406770317560464,0.0074184201892745
"VAL",20,-0.0421393270241851,"VAL",20,-0.0436992639327024,-0.00155993690851731
"THR",21,-0.00282018927444779,"THR",21,-0.00151577287066232,0.00130441640378547
"CYS",22,-0.00391798107255521,"CYS",22,-0.00400683491062043,-8.88538380652247E-05
"GLY",23,0.0138606729758149,"GLY",23,0.013562039957939,-0.000298633017875903
"THR",24,0.0276082948475289,"THR",24,0.029725654679285,0.00211735983175606
"THR",25,-0.355809246687697,"THR",25,-0.318248160252366,0.037561086435331
"THR",26,-0.09787229022082,"THR",26,-0.158371923028391,-0.0604996328075707
"LEU",27,-0.670542543848581,"LEU",27,-0.768327872134594,-0.0977853282860134
"ASN",28,-0.0260405896950582,"ASN",28,-0.0678754103049418,-0.0418348206098836
"GLY",29,0.00113669821240798,"GLY",29,0.00175341745531017,0.00061671924290219
"LEU",30,-0.00244794952681403,"LEU",30,-0.00337854889589905,-0.000930599369085025
"TRP",31,-0.00347266035751849,"TRP",31,-0.00400420609884327,-0.000531545741324784
"LEU",32,-2.26077812828607E-05,"LEU",32,-0.0002308096740273,-0.000208201892744439
"ASP",33,-0.000647213459516408,"ASP",33,-0.000215562565720061,0.000431650893796347
"ASP",34,-6.6246056782378E-05,"ASP",34,0.000219242902208027,0.000285488958990405
"VAL",35,0.00539432176656149,"VAL",35,0.0055993690851735,0.000205047318612012
"VAL",36,0.00334016824395384,"VAL",36,0.00518086225026286,0.00184069400630902
"TYR",37,-0.0149390115667718,"TYR",37,-0.012348054679285,0.00259095688748683
"CYS",38,-0.0667849631966352,"CYS",38,-0.057065720294427,0.00971924290220825
"PRO",39,-0.156062858885384,"PRO",39,-0.12051058212408,0.0355522767613039
"ARG",40,-0.175621906203995,"ARG",40,-0.149278997686645,0.0263429085173495
"HID",41,-1.66426126140904,"HID",41,-1.57041015268139,0.0938511087276503
"VAL",42,-0.260994162776025,"VAL",42,-0.330252286435331,-0.0692581236593059
"ILE",43,-0.0176345951629863,"ILE",43,-0.00947791798107255,0.00815667718191375
"CYS",44,-0.10509112849632,"CYS",44,-0.107801544900105,-0.00271041640378487
"THR",45,-0.0126480933753943,"THR",45,0.00370016529968454,0.0163482586750788
"SER",46,-0.0329066830704522,"SER",46,0.00213773796004206,0.0350444210304943
"GLU",47,0.0812991465825441,"GLU",47,0.0792760134595159,-0.00202313312302822
"ASP",48,0.0268022658254468,"ASP",48,0.0279069282860144,0.00110466246056764
"MET",49,-1.45881053375394,"MET",49,-1.34549934637224,0.113311187381703
"LEU",50,-0.0950218645636172,"LEU",50,-0.120401655520505,-0.0253797909568874
"ASN",51,0.0113643533123026,"ASN",51,0.0109174389064146,-0.000446914405888026
"PRO",52,-0.0389885459516299,"PRO",52,-0.0271648593059937,0.0118236866456362
"ASN",53,0.00731335436382726,"ASN",53,0.0091209253417452,0.00180757097791794
"TYR",54,-0.0520803188222923,"TYR",54,-0.0263047638275499,0.0257755549947424
"GLU",55,0.0148675078864352,"GLU",55,0.0119705573080966,-0.00289695057833864
"ASP",56,0.00612460567823336,"ASP",56,0.0069689800210305,0.000844374342797143
"LEU",57,-0.00470504731861183,"LEU",57,-0.00400893796004208,0.000696109358569753
"LEU",58,0.00297318611987384,"LEU",58,0.00241324921135654,-0.000559936908517296
"ILE",59,0.000682965299684587,"ILE",59,0.000769716088328068,8.67507886434814E-05
"ARG",60,0.0135678233438483,"ARG",60,0.0141645636172457,0.000596740273397393
"LYS",61,0.0694300736067297,"LYS",61,0.0683880126182965,-0.00104206098843324
"SER",62,0.0017124079915878,"SER",62,0.0019095688748686,0.000197160883280797
"ASN",63,0.00413669821240818,"ASN",63,0.00431598317560443,0.00017928496319625
"HIE",64,0.00347108307045198,"HIE",64,0.00347160883280758,5.25762355602609E-07
"ASN",65,0.00109516298632991,"ASN",65,0.00263038906414326,0.00153522607781335
"PHE",66,-0.00114668769716089,"PHE",66,-0.00179074658254467,-0.000644058885383785
"LEU",67,-0.00297896950578344,"LEU",67,-0.0026172450052577,0.000361724500525737
"VAL",68,0.00617823343848577,"VAL",68,0.00659358569926397,0.000415352260778198
"GLN",69,0.00848475289169291,"GLN",69,0.00893165089379597,0.00044689800210306
"ALA",70,0.000190851735015812,"ALA",70,-0.000108307045215596,-0.000299158780231408
"GLY",71,0.00136225026288118,"GLY",71,0.00142849631966352,6.62460567823421E-05
"ASN",72,0.00111934805467864,"ASN",72,0.00120662460567819,8.72765509995458E-05
"VAL",73,-0.000156151419558326,"VAL",73,-4.20609884332018E-05,0.000114090431125124
"GLN",74,0.00616876971608832,"GLN",74,0.00648475289169301,0.000315983175604688
"LEU",75,0.00188222923238699,"LEU",75,0.00171240799158773,-0.000169821240799263
"ARG",76,0.00199999999999919,"ARG",76,0.00164458464773977,-0.000355415352259423
"VAL",77,0.00249053627760247,"VAL",77,0.00223869610935865,-0.000251840168243822
"ILE",78,-0.000624605678233416,"ILE",78,-0.000545215562565729,7.93901156676873E-05
"GLY",79,0.000418506834910639,"GLY",79,0.000462670872765497,4.4164037854858E-05
"HIE",80,0.00729600420609885,"HIE",80,0.00678496319663501,-0.000511041009463842
"SER",81,0.00136119873817035,"SER",81,0.00143533123028389,7.4132492113543E-05
"MET",82,0.00534752891692952,"MET",82,0.00477339642481602,-0.0005741324921135
"GLN",83,0.00443848580441646,"GLN",83,0.00556414300736041,0.00112565720294395
"ASN",84,-0.00035015772870681,"ASN",84,0.00416614090431134,0.00451629863301815
"CYS",85,-0.0117250262881178,"CYS",85,-0.00595899053627762,0.00576603575184018
"VAL",86,-0.00701524710830701,"VAL",86,-0.00562145110410096,0.00139379600420605
"LEU",87,-0.00545583596214513,"LEU",87,-0.00453575184016829,0.000920084121976843
"LYS",88,0.0133527865404837,"LYS",88,0.0120578338590957,-0.001294952681388
"LEU",89,-0.00397896950578336,"LEU",89,-0.00390536277602529,7.36067297580712E-05
"LYS",90,-2.05047318613069E-05,"ARG",90,-0.000684016824395098,-0.000663512092533791
"VAL",91,0.000758675078864389,"VAL",91,0.000674553101997899,-8.41219768664904E-05
"ASP",92,-0.0011288117770767,"ASP",92,-0.000911146161935136,0.000217665615141564
"THR",93,0.000324395373291394,"THR",93,0.000344900105152424,2.05047318610297E-05
"ALA",94,0.000601472134595182,"ALA",94,0.000564143007360667,-3.73291272345151E-05
"ASN",95,0.0022607781282861,"ASN",95,0.00209200841219781,-0.000168769716088294
"PRO",96,-0.000691903259726545,"PRO",96,-0.000711882229232457,-1.99789695059117E-05
"LYS",97,0.000480546792849688,"LYS",97,0.000263406940063068,-0.00021713985278662
"THR",98,-1.57728706619568E-06,"THR",98,9.14826498422238E-05,9.30599369084195E-05
"PRO",99,-0.000668769716088361,"PRO",99,-0.000642481598317598,2.62881177707625E-05
"LYS",100,0.000123028391166976,"LYS",100,2.05047318611701E-05,-0.000102523659305806
"TYR",101,-6.94006309147451E-05,"TYR",101,-9.72660357518666E-05,-2.78654048371215E-05
"LYS",102,0.000317560462670945,"LYS",102,0.000162986330178937,-0.000154574132492008
"PHE",103,0.000300210304942177,"PHE",103,0.000354889589905411,5.46792849632345E-05
"VAL",104,0.00106256572029444,"VAL",104,0.00100578338590955,-5.67823343848943E-05
"ARG",105,0.0121845425867505,"ARG",105,0.0124894847528909,0.000304942166140429
"ILE",106,0.00112986330178763,"ILE",106,0.000789169295478365,-0.000340694006309265
"GLN",107,0.00222082018927416,"GLN",107,0.00195899053627741,-0.000261829652996752
"PRO",108,-5.2576235535155E-07,"PRO",108,8.51735015773883E-05,8.56992639327399E-05
"GLY",109,0.000440588853838087,"GLY",109,0.000718191377497381,0.000277602523659294
"GLN",110,0.000895899053627742,"GLN",110,0.000787592008412398,-0.000108307045215344
"THR",111,0.00301051524710835,"THR",111,0.00363827549947419,0.00062776025236584
"PHE",112,0.000354889589905372,"PHE",112,-0.00104206098843321,-0.00139695057833858
"SER",113,0.00442060988433225,"SER",113,0.00538853838065193,0.000967928496319681
"VAL",114,-9.56887486856063E-05,"VAL",114,0.00114931650893796,0.00124500525762356
"LEU",115,0.0013633017875919,"LEU",115,0.00224973711882235,0.000886435331230449
"ALA",116,0.00638906414300736,"ALA",116,0.000955310199789694,-0.00543375394321767
"CYS",117,-0.00236014721345949,"CYS",117,-0.00425693964248164,-0.00189679242902215
"TYR",118,0.000194896740273322,"TYR",118,-0.0584039932702419,-0.0585988900105152
"ASN",119,0.036132769716088,"ASN",119,0.0345303650893798,-0.00160240462670821
"GLY",120,0.0119794952681388,"GLY",120,0.0127313354363828,0.000751840168243971
"SER",121,0.00332018927444793,"SER",121,0.00427917981072558,0.000958990536277652
"PRO",122,0.00430599369085174,"PRO",122,0.00414195583596218,-0.000164037854889563
"SER",123,0.00636382754994744,"SER",123,0.00784752891692959,0.00148370136698215
"GLY",124,0.00258780231335438,"GLY",124,0.00231703470031544,-0.000270767613038937
"VAL",125,0.00363038906414293,"VAL",125,0.00374605678233439,0.000115667718191456
"TYR",126,-0.00337854889589906,"TYR",126,-0.00342586750788639,-4.73186119873295E-05
"GLN",127,0.00284805467928483,"GLN",127,0.00311987381703464,0.000271819137749806
"CYS",128,0.00168191377497369,"CYS",128,0.00161409043112514,-6.78233438485502E-05
"ALA",129,0.0033301787592008,"ALA",129,0.00335962145110408,2.94426919032753E-05
"MET",130,0.00527287066246061,"MET",130,0.00457781282860149,-0.00069505783385912
"ARG",131,0.00916929547844313,"ARG",131,0.00734121976866552,-0.00182807570977761
"PRO",132,0.00285383806519456,"HIE",132,0.00520084121976863,0.00234700315457407
"ASN",133,0.0114426919032594,"ASN",133,0.00943533123028381,-0.00200736067297559
"PHE",134,0.00520662460567819,"PHE",134,0.00498948475289168,-0.000217139852786505
"THR",135,0.019273396424816,"THR",135,0.01710778128286,-0.00216561514195598
"ILE",136,0.00165983175604622,"ILE",136,0.00182702418506833,0.000167192429022111
"LYS",137,0.0187407991587804,"LYS",137,0.0203012618296531,0.00156046267087267
"GLY",138,0.00255099894847528,"GLY",138,0.00282544689800207,0.000274447949526786
"SER",139,0.00984490010515243,"SER",139,0.011937960042061,0.00209305993690859
"PHE",140,-0.0774448778128287,"PHE",140,-0.059796502208202,0.0176483756046267
"LEU",141,-0.0137156092534174,"LEU",141,-0.046807632807571,-0.0330920235541536
"ASN",142,-0.0744393556256573,"ASN",142,-0.385194984647739,-0.310755629022082
"GLY",143,-0.506499349737118,"GLY",143,-1.04527280967403,-0.538773459936908
"SER",144,-0.361982564037855,"SER",144,-0.817035447318612,-0.455052883280757
"CYS",145,-1.28516606098843,"CYS",145,-1.66697154700315,-0.381805486014725
"GLY",146,-0.0363131449001053,"GLY",146,-0.00571288916929546,0.0306002557308098
"SER",147,-0.00623133543638273,"SER",147,-0.00767139852786543,-0.0014400630914827
"VAL",148,-0.000520504731861154,"VAL",148,-0.000417455310199837,0.000103049421661317
"GLY",149,0.00023133543638278,"GLY",149,0.000138275499474236,-9.30599369085442E-05
"PHE",150,-0.00339642481598318,"PHE",150,-0.00437013669821244,-0.000973711882229257
"ASN",151,-0.000738696109358436,"ASN",151,-0.000422187171398429,0.000316508937960007
"ILE",152,-0.000467928496319677,"ILE",152,-0.000481598317560424,-1.36698212407474E-05
"ASP",153,-0.000258149316508971,"ASP",153,-0.000216614090431162,4.1535226077809E-05
"TYR",154,-6.67718191377706E-05,"TYR",154,-9.14826498422292E-05,-2.47108307044586E-05
"ASP",155,5.15247108307525E-05,"ASP",155,0.000133017875920032,8.14931650892794E-05
"CYS",156,0.000363827549947407,"CYS",156,0.000368559411146187,4.73186119877956E-06
"VAL",157,0.00164563617245006,"VAL",157,0.00170609884332278,6.04626708727222E-05
"SER",158,0.00125709779179811,"SER",158,0.00111882229232381,-0.000138275499474299
"PHE",159,0.000971608832807627,"PHE",159,0.00112618296529972,0.000154574132492092
"CYS",160,0.00464248159831761,"CYS",160,0.00626235541535224,0.00161987381703463
"TYR",161,-0.0150415352260778,"TYR",161,-0.00861671924290207,0.00642481598317573
"MET",162,-0.0251913774973712,"MET",162,-0.0234432176656151,0.0017481598317561
"HID",163,-0.071938821871714,"HID",163,-0.0859877404837014,-0.0140489186119874
"HIE",164,-0.229438503470032,"HIE",164,-0.110528445005258,0.118910058464774
"MET",165,-2.77964786961094,"MET",165,-2.18836901913775,0.591278850473188
"GLU",166,-1.82037374679285,"GLU",166,-1.40371677223975,0.416656974553104
"LEU",167,-0.529981762776026,"LEU",167,-0.489790010094637,0.0401917526813887
"PRO",168,-0.748726507676131,"PRO",168,-0.649394347423765,0.0993321602523665
"THR",169,-0.0190278431125131,"THR",169,-0.0132532799158781,0.00577456319663501
"GLY",170,0.00981403995793904,"GLY",170,0.019110977917981,0.00929693796004199
"VAL",171,-0.0598619104100948,"VAL",171,-0.0554663512092533,0.00439555920084146
"HIE",172,-0.223107931861199,"HIE",172,-0.146152345741325,0.076955586119874
"ALA",173,-0.0662414477392218,"ALA",173,-0.0563427899053628,0.00989865783385897
"GLY",174,-0.0213548895899054,"GLY",174,-0.0139305993690852,0.00742429022082021
"THR",175,-0.0126251314405888,"THR",175,-0.0114821240799159,0.00114300736067294
"ASP",176,-0.00750315457413233,"ASP",176,-0.00689957939011567,0.00060357518401666
"LEU",177,0.00185962145110412,"LEU",177,0.00139432176656162,-0.000465299684542498
"GLU",178,0.00346635120925364,"GLU",178,0.00400525762355422,0.000538906414300582
"GLY",179,0.00165089379600422,"GLY",179,0.00233333333333336,0.000682439537329136
"ASN",180,0.00539695057833846,"ASN",180,0.00495268138801272,-0.000444269190325744
"PHE",181,-0.0170417076761303,"PHE",181,-0.0152268988433229,0.00181480883280744
"TYR",182,0.00901472134595163,"TYR",182,0.0075867507886435,-0.00142797055730813
"GLY",183,0.0114106203995794,"GLY",183,0.0107439537329128,-0.000666666666666604
"PRO",184,0.00552786540483705,"PRO",184,0.00423343848580443,-0.00129442691903262
"PHE",185,-0.0428402128286015,"PHE",185,-0.0287457219768665,0.014094490851735
"VAL",186,-0.107377086855941,"VAL",186,-0.0895895570977918,0.0177875297581492
"ASP",187,-0.0626679491062043,"ASP",187,0.0100518536277603,0.0727198027339646
"ARG",188,-0.416357223554153,"ARG",188,-0.289701109148265,0.126656114405888
"GLN",189,-1.65541421366982,"GLN",189,-1.44919203617245,0.20622217749737
"THR",190,-0.156218395793901,"THR",190,-0.130474732281809,0.0257436635120921
"ALA",191,-0.116615350157729,"ALA",191,-0.0886273615141958,0.0279879886435332
"GLN",192,-0.220051800210305,"GLN",192,-0.133984324710831,0.0860674754994741
"ALA",193,-0.0045147213459516,"ALA",193,0.000188748685594118,0.00470347003154572
"ALA",194,-0.00448317560462675,"ALA",194,-0.00282965299684543,0.00165352260778132
"GLY",195,0.00285226077812828,"GLY",195,0.00396792849631969,0.00111566771819141
"THR",196,0.00530967402733967,"THR",196,0.00423238696109362,-0.00107728706624605
"ASP",197,0.00109884332281799,"ASP",197,-1.41955835963458E-05,-0.00111303890641434
"THR",198,0.000861198738170227,"THR",198,0.000849631966351249,-1.15667718189777E-05
"THR",199,0.000557833859095685,"THR",199,0.000515247108307093,-4.25867507885919E-05
"ILE",200,-6.41430073606324E-05,"ILE",200,-2.78654048369864E-05,3.6277602523646E-05
"THR",201,2.99684542586613E-05,"THR",201,2.47108307045863E-05,-5.25762355407499E-06
"VAL",202,0.00022082018927446,"VAL",202,0.000299684542586759,7.88643533122987E-05
"ASN",203,0.000769190325972437,"ASN",203,0.000928496319663672,0.000159305993691235
"VAL",204,-6.57202944268357E-05,"VAL",204,-5.5730809674013E-05,9.98948475282267E-06
"LEU",205,-6.88748685594566E-05,"LEU",205,-2.10304942165394E-05,4.78443743429172E-05
"ALA",206,4.78443743428076E-05,"ALA",206,0.000107255520504736,5.94111461619286E-05
"TRP",207,-0.000219242902208182,"TRP",207,-0.000250788643533133,-3.15457413249508E-05
"LEU",208,-5.94111461619565E-05,"LEU",208,-6.67718191377926E-05,-7.36067297583608E-06
"TYR",209,-5.09989484753632E-05,"TYR",209,-6.62460567822949E-05,-1.52471083069317E-05
"ALA",210,-3.57518401682174E-05,"ALA",210,-1.05152471082277E-06,3.47003154573946E-05
"ALA",211,-3.04942166140818E-05,"ALA",211,-2.36593059936794E-05,6.83491062040243E-06
"VAL",212,-3.1019978969592E-05,"VAL",212,-2.10304942166261E-05,9.98948475296592E-06
"ILE",213,-6.30914826499894E-06,"ILE",213,-1.57728706624838E-05,-9.46372239748488E-06
"ASN",214,-2.99684542588742E-05,"ASN",214,-3.4700315457224E-05,-4.73186119834984E-06
"GLY",215,1.47213459516113E-05,"GLY",215,3.15457413249795E-06,-1.15667718191133E-05
"ASP",216,-8.41219768654011E-06,"ASP",216,1.78759200841289E-05,2.6288117770669E-05
"ARG",217,-6.3617245004097E-05,"ARG",217,-3.73291272347729E-05,2.62881177693241E-05
"TRP",218,-1.68243953732872E-05,"TRP",218,-3.47003154573839E-05,-1.78759200840967E-05
"PHE",219,-2.31335436382566E-05,"PHE",219,-2.41850683490805E-05,-1.05152471082394E-06
"LEU",220,-3.7854889589855E-05,"LEU",220,-3.0494216614092E-05,7.36067297576303E-06
"ASN",221,-1.05152471082078E-05,"ASN",221,-2.10304942186571E-06,8.41219768634209E-06
"ARG",222,-1.10410094640441E-05,"ARG",222,-1.05152471090446E-05,5.25762354999464E-07
"PHE",223,-5.25762355415458E-06,"PHE",223,-4.73186119870426E-06,5.25762355450319E-07
"THR",224,-5.2576235538564E-07,"THR",224,1.05152471083358E-05,1.10410094637214E-05
"THR",225,1.05152471078996E-06,"THR",225,5.78338590952831E-06,4.73186119873835E-06
"THR",226,1.20925341745427E-05,"THR",226,3.15457413249036E-06,-8.93796004205234E-06
"LEU",227,-1.36698212408077E-05,"LEU",227,-2.47108307045384E-05,-1.10410094637307E-05
"ASN",228,-1.20925341742298E-05,"ASN",228,-1.57728706628049E-05,-3.68033648857506E-06
"ASP",229,2.10304942172375E-06,"ASP",229,3.15457413241752E-06,1.05152471069377E-06
"PHE",230,-5.15247108306961E-05,"PHE",230,-2.57623554153313E-05,2.57623554153648E-05
"ASN",231,-2.41850683489901E-05,"ASN",231,-5.41535226078605E-05,-2.99684542588704E-05
"LEU",232,3.15457413251441E-06,"LEU",232,-2.5762355415311E-05,-2.89169295478254E-05
"VAL",233,-1.9453207150421E-05,"VAL",233,-9.46372239739615E-06,9.98948475302485E-06
"ALA",234,5.25762355416284E-06,"ALA",234,-8.4121976866603E-06,-1.36698212408231E-05
"MET",235,-6.62460567823602E-05,"MET",235,-8.67507886435724E-05,-2.05047318612122E-05
"LYS",236,-8.72765509990374E-05,"LYS",236,-5.3101997896941E-05,3.41745531020964E-05
"TYR",237,-4.73186119873279E-05,"TYR",237,-5.99369085173057E-05,-1.26182965299778E-05
"ASN",238,0.000272344900104832,"ASN",238,0.000247108307045066,-2.52365930597665E-05
"TYR",239,-7.83385909568469E-05,"TYR",239,-9.56887486856464E-05,-1.73501577287995E-05
"GLU",240,0.000420084121976975,"GLU",240,0.000272870662460369,-0.000147213459516606
"PRO",241,-0.000146161934805452,"PRO",241,-0.000121976866456402,2.41850683490505E-05
"LEU",242,-4.15352260778134E-05,"LEU",242,-4.62670872765004E-05,-4.73186119868698E-06
"THR",243,-5.99369085172917E-05,"THR",243,-4.15352260778748E-05,1.84016824394169E-05
"GLN",244,-3.4700315457295E-05,"GLN",244,-9.98948475267789E-06,2.47108307046171E-05
"ASP",245,1.4721345951603E-05,"ASP",245,-9.46372239752527E-06,-2.41850683491283E-05
"HIE",246,-0.000124079915878029,"HIE",246,-8.93796004205788E-05,3.47003154574502E-05
"VAL",247,-3.68033648791185E-05,"VAL",247,-5.25762355414762E-05,-1.57728706623577E-05
"ASP",248,6.83491062042101E-06,"ASP",248,-3.68033648777934E-06,-1.05152471082004E-05
"ILE",249,-4.15352260778175E-05,"ILE",249,-1.57728706624958E-05,2.57623554153217E-05
"LEU",250,-3.20715036802879E-05,"LEU",250,-3.89064143007425E-05,-6.83491062045462E-06
"GLY",251,-9.46372239748429E-06,"GLY",251,-3.52260778128212E-05,-2.57623554153369E-05
"PRO",252,-4.62670872765198E-05,"PRO",252,-2.0504731861221E-05,2.57623554152988E-05
"LEU",253,-1.52471083070246E-05,"LEU",253,-3.10199789694494E-05,-1.57728706624248E-05
"SER",254,-2.73396424815856E-05,"SER",254,-9.98948475289772E-06,1.73501577286879E-05
"ALA",255,4.20609884334967E-06,"ALA",255,-7.36067297582393E-06,-1.15667718191736E-05
"GLN",256,-4.04837013669289E-05,"GLN",256,-3.94321766561791E-05,1.05152471074984E-06
"THR",257,-2.52365930599519E-05,"THR",257,-4.20609884331582E-06,2.10304942166361E-05
"GLY",258,-2.62881177706538E-06,"GLY",258,2.10304942164238E-06,4.73186119870776E-06
"ILE",259,-3.83806519453073E-05,"ILE",259,-2.99684542586784E-05,8.41219768662893E-06
"ALA",260,-5.78338590960023E-06,"ALA",260,2.52365930599395E-05,3.10199789695397E-05
"VAL",261,-6.83491062040805E-06,"VAL",261,-1.31440588853871E-05,-6.3091482649791E-06
"LEU",262,-9.98948475291464E-06,"LEU",262,-2.10304942165511E-06,7.88643533125954E-06
"ASP",263,3.15457413247243E-05,"ASP",263,-5.78338590919303E-06,-3.73291272339173E-05
"MET",264,-1.62986330178493E-05,"MET",264,-7.88643533121183E-06,8.41219768663748E-06
"CYS",265,-2.47108307045192E-05,"CYS",265,-1.05152471084962E-06,2.36593059936696E-05
"ALA",266,1.10410094637243E-05,"ALA",266,-1.36698212408099E-05,-2.47108307045342E-05
"SER",267,8.93796004204962E-06,"SER",267,5.25762355398863E-07,-8.41219768665076E-06
"LEU",268,1.52471083070423E-05,"LEU",268,-1.20925341745611E-05,-2.73396424816034E-05
"LYS",269,-6.41430073603815E-05,"LYS",269,-2.89169295478232E-05,3.52260778125583E-05
"GLU",270,5.2576235550005E-07,"GLU",270,-5.7833859095031E-06,-6.30914826500315E-06
"LEU",271,-2.99684542586867E-05,"LEU",271,-2.15562565719808E-05,8.41219768670586E-06
"LEU",272,-5.04731861199107E-05,"LEU",272,-5.09989484753471E-05,-5.2576235543636E-07
"GLN",273,-7.8864353311484E-06,"GLN",273,-2.10304942166884E-05,-1.314405888554E-05
"ASN",274,-2.36593059938188E-05,"ASN",274,-1.99789695060357E-05,3.68033648778311E-06
"GLY",275,-1.73501577287203E-05,"GLY",275,-2.62881177707274E-06,1.47213459516476E-05
"MET",276,-3.25972660357228E-05,"MET",276,-3.04942166140799E-05,2.10304942164291E-06
"ASN",277,5.78338590948442E-06,"ASN",277,-4.46898002102381E-05,-5.04731861197226E-05
"GLY",278,-2.73396424816031E-05,"GLY",278,-2.15562565720055E-05,5.78338590959763E-06
"ARG",279,-3.83806519456235E-05,"ARG",279,-1.68243953727589E-05,2.15562565728646E-05
"THR",280,3.6803364879157E-06,"THR",280,-3.99579390116333E-05,-4.36382754995491E-05
"ILE",281,1.52471083070195E-05,"ILE",281,2.26077812828519E-05,7.36067297583244E-06
"LEU",282,2.1030494216369E-06,"LEU",282,-3.52260778128334E-05,-3.73291272344703E-05
"GLY",283,-3.68033648792586E-06,"GLY",283,1.05152471082679E-06,4.73186119875265E-06
"SER",284,-2.62881177708034E-05,"SER",284,2.89169295478557E-05,5.52050473186591E-05
"ALA",285,-5.78338590956861E-05,"ALA",285,-1.99789695057818E-05,3.78548895899043E-05
"LEU",286,-5.67823343848244E-05,"LEU",286,-1.73501577286549E-05,3.94321766561695E-05
"LEU",287,2.62881177707563E-05,"LEU",287,2.94426919032766E-05,3.15457413252026E-06
"GLU",288,8.56992639327567E-05,"GLU",288,0.000371188222923326,0.00028548895899057
"ASP",289,-0.000169295478443622,"ASP",289,0.000349631966351198,0.00051892744479482
"GLU",290,-0.00255099894847512,"GLU",290,-0.00268033648790759,-0.000129337539432469
"PHE",291,-0.000221871713985315,"PHE",291,-0.000340168243953739,-0.000118296529968424
"THR",292,0.000490536277602531,"THR",292,0.000570977917981044,8.04416403785131E-05
"PRO",293,-0.00049789695057835,"PRO",293,-0.000541535226077864,-4.36382754995139E-05
"PHE",294,-2.52365930599513E-05,"PHE",294,-4.57413249211377E-05,-2.05047318611864E-05
"ASP",295,-0.000697160883280612,"ASP",295,-0.000343322818086153,0.000353838065194459
"VAL",296,-0.000146687697160908,"VAL",296,-0.000152471083070427,-5.78338590951919E-06
"VAL",297,-1.62986330178513E-05,"VAL",297,-3.0494216614055E-05,-1.41955835962037E-05
"ARG",298,0.000763406940063061,"ARG",298,0.000731861198738676,-3.15457413243848E-05
"GLN",299,-2.05047318614797E-05,"GLN",299,2.62881177702581E-06,2.31335436385055E-05
"CYS",300,-1.41955835961789E-05,"CYS",300,1.2618296529918E-05,2.68138801260969E-05
"SER",301,0.0001508937960042,"SER",301,0.000117770767613045,-3.3123028391155E-05
"GLY",302,0.000709253417455324,"GLY",302,0.000605678233438495,-0.000103575184016829
"VAL",303,0.00216246056782327,"VAL",303,0.00246635120925349,0.000303890641430223
"THR",304,0.00440483701366976,"THR",304,0.00561934805467921,0.00121451104100945
"PHE",305,0.00136172450052571,"PHE",305,0.000356466876971635,-0.00100525762355407
"SER",306,0.00816508937960044,"SER",306,0.00266666666666665,-0.00549842271293379
"GLY",307,0.00380809674027342,"GLY",307,0.00215878023133548,-0.00164931650893794
"PHE",308,0.000954479915877958,"PHE",308,-0.0462045812828601,-0.0471590611987381
"ARG",309,0.0148554153522611,"ARG",309,0.0178212407991591,0.00296582544689801
"LYS",310,0.00732860147213448,"LYS",310,0.00753312302839098,0.000204521556256497
"MET",311,0.0014731861198738,"MET",311,0.000274973711882288,-0.00119821240799151
"ALA",312,0.00121083070452157,"ALA",312,0.00124290220820188,3.20715036803137E-05
"PHE",313,0.000806519453207191,"PHE",313,0.00019453207150365,-0.000611987381703541
"PRO",314,-0.000240273396424783,"PRO",314,-0.000419032597266036,-0.000178759200841253
"SER",315,0.000317034700315474,"SER",315,-9.46372239743108E-06,-0.000326498422712905
"GLY",316,0.000114090431125134,"GLY",316,0.000113564668769727,-5.25762355407344E-07
"LYS",317,0.00172187171398539,"LYS",317,0.00155888538380653,-0.000162986330178863
"VAL",318,0.000253417455310178,"VAL",318,0.000179284963196678,-7.41324921135003E-05
"GLU",319,-0.000953207150368098,"GLU",319,-0.000637749737118677,0.000315457413249421
"GLY",320,-8.2018927444774E-05,"GLY",320,-7.57097791798318E-05,6.30914826494219E-06
"CYS",321,-7.83385909568597E-05,"CYS",321,-3.83806519453143E-05,3.99579390115454E-05
"MET",322,-6.30914826498033E-05,"MET",322,-5.09989484752735E-05,1.20925341745298E-05
"VAL",323,-2.10304942166253E-05,"VAL",323,9.46372239745382E-06,3.04942166140791E-05
"GLN",324,-7.36067297552507E-06,"GLN",324,-1.26182965298046E-05,-5.25762355427949E-06
"VAL",325,-2.31335436382786E-05,"VAL",325,-1.73501577287213E-05,5.78338590955731E-06
"THR",326,-3.68033648788301E-06,"THR",326,-3.2597266035745E-05,-2.8916929547862E-05
"CYS",327,-4.20609884332393E-06,"CYS",327,6.30914826498744E-06,1.05152471083114E-05
"GLY",328,5.2576235540362E-07,"GLY",328,-2.62881177705943E-06,-3.15457413246305E-06
"THR",329,-1.62986330178547E-05,"THR",329,-1.26182965300866E-05,3.68033648776809E-06
"THR",330,-1.20925341745389E-05,"THR",330,-1.94532071503741E-05,-7.36067297583516E-06
"THR",331,-1.7350157728697E-05,"THR",331,2.6288117770725E-06,1.99789695057695E-05
"LEU",332,-4.20609884337979E-06,"LEU",332,-2.36593059937328E-05,-1.94532071503531E-05
"ASN",333,3.15457413243993E-06,"ASN",333,-8.41219768645045E-06,-1.15667718188904E-05
"GLY",334,2.94426919032275E-05,"GLY",334,1.47213459516368E-05,-1.47213459515907E-05
"LEU",335,-6.83491062038412E-06,"LEU",335,-3.89064143007649E-05,-3.20715036803808E-05
"TRP",336,-2.36593059936957E-05,"TRP",336,-1.84016824395436E-05,5.25762355415211E-06
"LEU",337,-2.99684542587196E-05,"LEU",337,-1.62986330178958E-05,1.36698212408238E-05
"ASP",338,-9.98948475304399E-06,"ASP",338,4.78443743428574E-05,5.78338590959014E-05
"ASP",339,-2.10304942150334E-06,"ASP",339,4.0483701367224E-05,4.25867507887273E-05
"VAL",340,-2.52365930599066E-05,"VAL",340,-5.25762355419474E-06,1.99789695057119E-05
"VAL",341,-2.31335436382743E-05,"VAL",341,-1.57728706622837E-06,2.15562565720459E-05
"TYR",342,-2.26077812828745E-05,"TYR",342,-1.0515247108312E-05,1.20925341745625E-05
"CYS",343,-1.84016824395047E-05,"CYS",343,-1.78759200841662E-05,5.2576235533846E-07
"PRO",344,1.57728706620129E-06,"PRO",344,-1.57728706626199E-06,-3.15457413246328E-06
"ARG",345,-2.41850683496251E-05,"ARG",345,-1.1566771819447E-05,1.26182965301781E-05
"HID",346,-1.73501577286787E-05,"HID",346,-2.62881177708269E-05,-8.93796004214824E-06
"VAL",347,-2.62881177704303E-06,"VAL",347,-2.15562565720324E-05,-1.89274447949894E-05
"ILE",348,-1.6824395373309E-05,"ILE",348,-1.68243953733119E-05,-2.94767465644497E-18
"CYS",349,-5.25762355417542E-06,"CYS",349,-2.62881177706667E-06,2.62881177710875E-06
"THR",350,3.15457413252585E-06,"THR",350,-2.31335436382599E-05,-2.62881177707857E-05
"SER",351,-2.733964248161E-05,"SER",351,-2.62881177706667E-06,2.47108307045433E-05
"GLU",352,3.15457413264166E-06,"GLU",352,1.36698212408009E-05,1.05152471081593E-05
"ASP",353,-1.36698212406963E-05,"ASP",353,1.26182965298008E-05,2.62881177704971E-05
"MET",354,3.68033648789638E-06,"MET",354,-1.57728706623322E-06,-5.2576235541296E-06
"LEU",355,1.94532071503666E-05,"LEU",355,-5.63283500927064E-17,-1.94532071504229E-05
"ASN",356,-1.94532071503675E-05,"ASN",356,-2.8916929547848E-05,-9.46372239748046E-06
"PRO",357,-4.7318611988224E-06,"PRO",357,-2.10304942166538E-06,2.62881177715702E-06
"ASN",358,-3.68033648787274E-06,"ASN",358,-2.4185068348878E-05,-2.05047318610052E-05
"TYR",359,1.73501577287166E-05,"TYR",359,1.05152471082302E-05,-6.83491062048636E-06
"GLU",360,-1.41955835963533E-05,"GLU",360,1.57728706615646E-06,1.57728706625098E-05
"ASP",361,-8.41219768664845E-06,"ASP",361,9.98948475283853E-06,1.8401682439487E-05
"LEU",362,-4.20609884336806E-06,"LEU",362,6.83491062039322E-06,1.10410094637613E-05
"LEU",363,6.83491062047693E-06,"LEU",363,2.31335436382879E-05,1.6298633017811E-05
"ILE",364,2.6813880126183E-05,"ILE",364,-6.83491062041914E-06,-3.36487907466021E-05
"ARG",365,4.20609884422454E-06,"ARG",365,-1.89274447962833E-05,-2.31335436405079E-05
"LYS",366,2.10304942165814E-06,"LYS",366,-7.88643533121739E-06,-9.98948475287553E-06
"SER",367,-1.89274447949399E-05,"SER",367,9.46372239750122E-06,2.83911671924411E-05
"ASN",368,-3.73291272342573E-05,"ASN",368,-1.8927444795129E-05,1.84016824391283E-05
"HIE",369,-4.20609884333636E-06,"HIE",369,3.68033648793811E-06,7.88643533127447E-06
"ASN",370,-2.57623554153258E-05,"ASN",370,2.47108307046097E-05,5.04731861199355E-05
"PHE",371,-2.10304942167379E-06,"PHE",371,-1.05152471082944E-05,-8.41219768662066E-06
"LEU",372,7.88643533121984E-06,"LEU",372,-1.05152471082709E-06,-8.93796004204693E-06
"VAL",373,-1.36698212407229E-05,"VAL",373,-2.15562565720889E-05,-7.88643533136604E-06
"GLN",374,-1.31440588852822E-05,"GLN",374,-2.05047318610762E-05,-7.36067297579403E-06
"ALA",375,-2.10304942166092E-05,"ALA",375,-3.20715036803145E-05,-1.10410094637053E-05
"GLY",376,8.93796004207938E-06,"GLY",376,-3.31230283911754E-05,-4.20609884332548E-05
"ASN",377,-3.5751840167929E-05,"ASN",377,-2.10304942157432E-06,3.36487907463547E-05
"VAL",378,-2.73396424816742E-05,"VAL",378,-2.26077812828729E-05,4.73186119880125E-06
"GLN",379,-2.62881177679419E-06,"GLN",379,-2.20820189275316E-05,-1.94532071507374E-05
"LEU",380,-2.78654048370159E-05,"LEU",380,1.3144058885421E-05,4.10094637224369E-05
"ARG",381,1.89274447940269E-05,"ARG",381,-3.57518401683698E-05,-5.46792849623967E-05
"VAL",382,1.89274447949483E-05,"VAL",382,7.8864353312502E-06,-1.10410094636981E-05
"ILE",383,-4.73186119872049E-06,"ILE",383,-8.41219768668808E-06,-3.68033648796759E-06
"GLY",384,-1.47213459516277E-05,"GLY",384,4.73186119875464E-06,1.94532071503823E-05
"HIE",385,-1.68243953733109E-05,"HIE",385,3.15457413253239E-06,1.99789695058433E-05
"SER",386,6.83491062039165E-06,"SER",386,9.46372239748802E-06,2.62881177709637E-06
"MET",387,-3.15457413251406E-06,"MET",387,-6.83491062041184E-06,-3.68033648789778E-06
"GLN",388,-3.68033648799975E-06,"GLN",388,-6.30914826505171E-06,-2.62881177705196E-06
"ASN",389,-1.52471083070807E-05,"ASN",389,-3.31230283912506E-05,-1.78759200841699E-05
"CYS",390,-1.94532071503654E-05,"CYS",390,-1.20925341745864E-05,7.36067297577901E-06
"VAL",391,1.05152471080491E-06,"VAL",391,1.05152471082405E-06,1.91410387838159E-17
"LEU",392,-7.36067297576696E-06,"LEU",392,2.10304942171535E-06,9.46372239748231E-06
"LYS",393,-2.20820189274288E-05,"LYS",393,-3.2071503680502E-05,-9.9894847530732E-06
"LEU",394,-2.62881177714932E-06,"LEU",394,-1.0515247108174E-06,1.57728706633192E-06
"LYS",395,-2.05047318612168E-05,"ARG",395,-1.156677181867E-05,8.93796004254683E-06
"VAL",396,-1.26182965299054E-05,"VAL",396,-2.05047318611668E-05,-7.88643533126143E-06
"ASP",397,3.10199789695119E-05,"ASP",397,1.10410094636145E-05,-1.99789695058974E-05
"THR",398,1.52471083070807E-05,"THR",398,-2.62881177707941E-05,-4.15352260778748E-05
"ALA",399,-2.10304942165898E-05,"ALA",399,-3.20715036803381E-05,-1.10410094637483E-05
"ASN",400,-2.10304942179847E-06,"ASN",400,1.84016824398008E-05,2.05047318615992E-05
"PRO",401,-2.94426919032117E-05,"PRO",401,-1.36698212407766E-05,1.57728706624351E-05
"LYS",402,-0.000174553101997864,"LYS",402,-0.000311251314405943,-0.000136698212408079
"THR",403,-3.52260778128913E-05,"THR",403,-7.88643533117735E-06,2.73396424817139E-05
"PRO",404,-0.000150368033648783,"PRO",404,-0.00012302839116729,2.73396424814935E-05
"LYS",405,-1.524710830708E-05,"LYS",405,-8.72765509988436E-05,-7.20294426917636E-05
"TYR",406,-5.57308096739787E-05,"TYR",406,-2.15562565720738E-05,3.41745531019049E-05
"LYS",407,-4.67928496320499E-05,"LYS",407,-9.77917981072686E-05,-5.09989484752187E-05
"PHE",408,-2.73396424816282E-05,"PHE",408,-4.83701366982469E-05,-2.10304942166187E-05
"VAL",409,-4.7844374342872E-05,"VAL",409,-3.04942166140805E-05,1.73501577287915E-05
"ARG",410,-2.10304942169386E-05,"ARG",410,-6.2565720293859E-05,-4.15352260769204E-05
"ILE",411,-2.41850683490664E-05,"ILE",411,-1.20925341745402E-05,1.20925341745262E-05
"GLN",412,-2.20820189275241E-05,"GLN",412,-3.78548895898059E-05,-1.57728706622818E-05
"PRO",413,-1.10410094636504E-05,"PRO",413,7.36067297574034E-06,1.84016824393907E-05
"GLY",414,-5.09989484753043E-05,"GLY",414,-2.36593059936752E-05,2.73396424816291E-05
"GLN",415,0.000130389064143006,"GLN",415,0.000134595162986308,4.20609884330188E-06
"THR",416,0.000713985278654013,"THR",416,0.000714511041009332,5.25762355318982E-07
"PHE",417,0.000194532071503695,"PHE",417,0.000103049421661416,-9.14826498422793E-05
"SER",418,-4.3112513144006E-05,"SER",418,0.000158254468979994,0.000201366982124
"VAL",419,4.62670872765207E-05,"VAL",419,6.94006309148366E-05,2.31335436383159E-05
"LEU",420,-1.62986330179411E-05,"LEU",420,-3.41745531019827E-05,-1.78759200840416E-05
"ALA",421,-5.83596214511012E-05,"ALA",421,-2.26077812828508E-05,3.57518401682504E-05
"CYS",422,-5.73080967402637E-05,"CYS",422,-4.10094637224025E-05,1.62986330178612E-05
"TYR",423,-7.25552050473606E-05,"TYR",423,-4.10094637223822E-05,3.15457413249784E-05
"ASN",424,-2.94426919035199E-05,"ASN",424,-1.57728706628646E-05,1.36698212406553E-05
"GLY",425,5.2576235541781E-07,"GLY",425,9.98948475288166E-06,9.46372239746385E-06
"SER",426,6.9400630914811E-05,"SER",426,1.99789695058361E-05,-4.9421661408975E-05
"PRO",427,-1.10410094636836E-05,"PRO",427,-5.36277602523792E-05,-4.25867507886956E-05
"SER",428,4.15352260778202E-05,"SER",428,5.04731861198617E-05,8.93796004204152E-06
"GLY",429,0.000332281808622495,"GLY",429,0.000311777076761312,-2.05047318611832E-05
"VAL",430,0.00066929547844368,"VAL",430,0.000628286014721336,-4.10094637223441E-05
"TYR",431,-5.78338590957393E-05,"TYR",431,-6.1514195583627E-05,-3.68033648788774E-06
"GLN",432,0.000939011566771932,"GLN",432,0.00141167192429028,0.00047266035751835
"CYS",433,-0.000151419558359637,"CYS",433,-0.000137749737118807,1.36698212408305E-05
"ALA",434,-6.41430073606837E-05,"ALA",434,-7.4132492113562E-05,-9.98948475287829E-06
"MET",435,-5.09989484752861E-05,"MET",435,-1.57728706624462E-05,3.52260778128399E-05
"ARG",436,4.99474237643084E-05,"ARG",436,7.93901156679329E-05,2.94426919036245E-05
"PRO",437,-4.25867507886465E-05,"HIE",437,-3.31230283911589E-05,9.46372239748762E-06
"ASN",438,-1.10410094636855E-05,"ASN",438,-1.26182965304396E-05,-1.57728706675414E-06
"PHE",439,-1.89274447949172E-05,"PHE",439,-1.10410094636967E-05,7.88643533122054E-06
"THR",440,5.2576235530953E-07,"THR",440,-2.10304942178446E-06,-2.62881177709399E-06
"ILE",441,3.15457413251768E-06,"ILE",441,8.9379600420586E-06,5.78338590954092E-06
"LYS",442,-8.20189274449754E-05,"LYS",442,-4.88958990535506E-05,3.31230283914248E-05
"GLY",443,4.83701366982291E-05,"GLY",443,1.57728706623409E-06,-4.6792849631995E-05
"SER",444,-3.89064143007416E-05,"SER",444,-5.09989484752984E-05,-1.20925341745568E-05
"PHE",445,-5.94111461619199E-05,"PHE",445,-4.94216614090252E-05,9.98948475289466E-06
"LEU",446,-2.83911671924004E-05,"LEU",446,-6.30914826494886E-06,2.20820189274515E-05
"ASN",447,9.98948475298422E-06,"ASN",447,1.57728706568575E-06,-8.41219768729847E-06
"GLY",448,-8.93796004204985E-06,"GLY",448,-2.62881177709322E-06,6.30914826495663E-06
"SER",449,1.62986330178355E-05,"SER",449,5.25762355417874E-06,-1.10410094636568E-05
"CYS",450,-3.68033648792206E-06,"CYS",450,-7.36067297579912E-06,-3.68033648787706E-06
"GLY",451,-6.30914826497519E-06,"GLY",451,-5.25762355413812E-06,1.05152471083707E-06
"SER",452,1.15667718191223E-05,"SER",452,2.99684542586718E-05,1.84016824395495E-05
"VAL",453,6.94006309147838E-05,"VAL",453,3.9432176656265E-05,-2.99684542585188E-05
"GLY",454,0.000141955835962134,"GLY",454,0.000108307045215548,-3.36487907465863E-05
"PHE",455,-0.00030073606729759,"PHE",455,-0.00021924290220819,0.0000814931650894
"ASN",456,0.000620399579390418,"ASN",456,0.000569926393270337,-5.04731861200811E-05
"ILE",457,0.000366456361724472,"ILE",457,0.000338065194532041,-2.83911671924305E-05
"ASP",458,0.000664037854889791,"ASP",458,0.000897476340693786,0.000233438485803995
"TYR",459,0.00256940063091472,"TYR",459,0.00233596214511031,-0.000233438485804414
"ASP",460,0.00075236593059945,"ASP",460,0.00138275499474232,0.000630389064142872
"CYS",461,8.62250262881472E-05,"CYS",461,9.93690851734832E-05,1.3144058885336E-05
"VAL",462,3.7329127234523E-05,"VAL",462,3.36487907465068E-05,-3.68033648801625E-06
"SER",463,-7.15036803364866E-05,"SER",463,-8.51735015773101E-05,-1.36698212408235E-05
"PHE",464,-8.8853838065186E-05,"PHE",464,-6.25657202944663E-05,2.62881177707197E-05
"CYS",465,-7.30809674027353E-05,"CYS",465,-8.20189274447909E-05,-8.93796004205565E-06
"TYR",466,-3.89064143007923E-05,"TYR",466,-4.04837013669363E-05,-1.57728706614404E-06
"MET",467,-2.73396424816056E-05,"MET",467,-2.20820189274122E-05,5.25762355419344E-06
"HID",468,-2.52365930599297E-05,"HID",468,-1.78759200840942E-05,7.36067297583549E-06
"HIE",469,-9.4637223974732E-06,"HIE",469,-4.20609884325558E-06,5.25762355421762E-06
"MET",470,-2.15562565720409E-05,"MET",470,-2.89169295478356E-05,-7.36067297579474E-06
"GLU",471,9.9894847528983E-06,"GLU",471,8.4121976865812E-06,-1.5772870663171E-06
"LEU",472,-1.26182965300587E-05,"LEU",472,-1.15667718191784E-05,1.05152471088026E-06
"PRO",473,-1.36698212408532E-05,"PRO",473,-2.47108307045751E-05,-1.10410094637219E-05
"THR",474,-2.99684542587696E-05,"THR",474,-5.25762355535539E-07,2.94426919032341E-05
"GLY",475,5.25762355414775E-06,"GLY",475,-2.05047318612004E-05,-2.57623554153481E-05
"VAL",476,-1.20925341745669E-05,"VAL",476,3.15457413253286E-06,1.52471083070998E-05
"HIE",477,-1.52471083070386E-05,"HIE",477,-9.46372239739011E-06,5.78338590964849E-06
"ALA",478,-2.31335436382784E-05,"ALA",478,2.15562565720243E-05,4.46898002103027E-05
"GLY",479,-5.2576235539959E-07,"GLY",479,-8.41219768666024E-06,-7.88643533126065E-06
"THR",480,-1.5772870661658E-06,"THR",480,-1.20925341745399E-05,-1.05152471083741E-05
"ASP",481,6.83491062053682E-06,"ASP",481,7.36067297578657E-06,5.25762355249749E-07
"LEU",482,-3.68033648791327E-05,"LEU",482,-4.7318611987094E-06,3.20715036804233E-05
"GLU",483,-1.10410094636556E-05,"GLU",483,1.20925341747565E-05,2.31335436384121E-05
"GLY",484,-2.26077812828423E-05,"GLY",484,-2.62881177707789E-05,-3.68033648793657E-06
"ASN",485,6.83491062072361E-06,"ASN",485,-4.20609884326071E-06,-1.10410094639843E-05
"PHE",486,1.10410094636867E-05,"PHE",486,-1.577287066243E-05,-2.68138801261167E-05
"TYR",487,-2.62881177708406E-05,"TYR",487,-3.52260778128733E-05,-8.93796004203269E-06
"GLY",488,-2.26077812828397E-05,"GLY",488,-6.83491062038085E-06,1.57728706624588E-05
"PRO",489,1.05152471086561E-06,"PRO",489,2.62881177707717E-06,1.57728706621156E-06
"PHE",490,1.52471083071059E-05,"PHE",490,-1.47213459516479E-05,-2.99684542587538E-05
"VAL",491,8.93796004212515E-06,"VAL",491,-5.78338590958528E-06,-1.47213459517104E-05
"ASP",492,-9.98948475281611E-06,"ASP",492,6.83491062039486E-06,1.6824395373211E-05
"ARG",493,-1.73501577291929E-05,"ARG",493,-1.62986330178043E-05,1.05152471138859E-06
"GLN",494,-1.73501577286363E-05,"GLN",494,8.41219768671943E-06,2.57623554153557E-05
"THR",495,2.62881177708558E-06,"THR",495,1.62986330178165E-05,1.36698212407309E-05
"ALA",496,-1.68243953732908E-05,"ALA",496,-3.15457413251465E-06,1.36698212407762E-05
"GLN",497,-1.41955835962225E-05,"GLN",497,-1.52471083069574E-05,-1.05152471073488E-06
"ALA",498,-2.20820189274592E-05,"ALA",498,-8.41219768665172E-06,1.36698212408075E-05
"ALA",499,-8.41219768663374E-06,"ALA",499,5.25762355414757E-06,1.36698212407813E-05
"GLY",500,4.73186119872504E-06,"GLY",500,3.68033648789317E-06,-1.05152471083187E-06
"THR",501,4.20609884325138E-06,"THR",501,-1.10410094635911E-05,-1.52471083068425E-05
"ASP",502,1.05152471080621E-05,"ASP",502,-2.05047318611061E-05,-3.10199789691682E-05
"THR",503,-1.99789695057798E-05,"THR",503,1.99789695058265E-05,3.99579390116063E-05
"THR",504,4.10094637224579E-05,"THR",504,9.93690851734213E-05,5.83596214509634E-05
"ILE",505,-5.73080967402783E-05,"ILE",505,-5.46792849631736E-05,2.62881177710475E-06
"THR",506,1.36698212407412E-05,"THR",506,1.05152471083068E-05,-3.15457413243438E-06
"VAL",507,1.26182965300327E-05,"VAL",507,3.94321766561834E-05,2.68138801261507E-05
"ASN",508,0.000125131440588794,"ASN",508,0.000250262881177274,0.00012513144058848
"VAL",509,-0.000135120925341745,"VAL",509,-8.09674027338747E-05,5.41535226078703E-05
"LEU",510,-0.000252891692954684,"LEU",510,-0.000159305993690981,9.3585699263703E-05
"ALA",511,0.000250262881177695,"ALA",511,0.000284437434279709,3.41745531020137E-05
"TRP",512,-0.000305993690851668,"TRP",512,-0.000712407991587818,-0.000406414300736151
"LEU",513,-0.000574132492113565,"LEU",513,-0.000630389064143044,-5.62565720294787E-05
"TYR",514,-0.000304942166140969,"TYR",514,-0.000632492113564757,-0.000327549947423788
"ALA",515,0.000844374342797031,"ALA",515,0.000193480546792858,-0.000650893796004173
"ALA",516,-0.00136645636172449,"ALA",516,-0.002397476340694,-0.00103101997896951
"VAL",517,0.00185015772870661,"VAL",517,0.00279968454258684,0.000949526813880227
"ILE",518,0.00781282860147216,"ILE",518,0.00962039957939014,0.00180757097791798
"ASN",519,0.027282571608833,"ASN",519,0.0275787276550999,0.00029615604626694
"GLY",520,0.00460147213459516,"GLY",520,0.00588931019978969,0.00128783806519453
"ASP",521,0.00929442691903292,"ASP",521,0.0109511041009465,0.00165667718191353
"ARG",522,0.00994479495268162,"ARG",522,0.0135504731861187,0.0036056782334371
"TRP",523,-0.000268138801261871,"TRP",523,-0.00029547844374336,-2.73396424814895E-05
"PHE",524,-0.000630914826498385,"PHE",524,-0.00087066246056784,-0.000239747634069455
"LEU",525,-3.99579390115745E-05,"LEU",525,9.88433228180922E-05,0.000138801261829667
"ASN",526,-6.67718191375568E-05,"ASN",526,-3.73291272347878E-05,2.9442691902769E-05
"ARG",527,-5.57308096740992E-05,"ARG",527,8.93796004207677E-05,0.000145110410094867
"PHE",528,-4.31125131440621E-05,"PHE",528,-5.20504731860686E-05,-8.93796004200651E-06
"THR",529,-1.9978969505735E-05,"THR",529,9.46372239748931E-06,2.94426919032243E-05
"THR",530,-2.36593059937777E-05,"THR",530,-2.05047318612985E-05,3.15457413247919E-06
"THR",531,-1.57728706621716E-06,"THR",531,-3.41745531020789E-05,-3.25972660358617E-05
"LEU",532,-3.94321766561076E-05,"LEU",532,-3.68033648791178E-05,2.62881177698983E-06
"ASN",533,-1.99789695056322E-05,"ASN",533,-4.2060988432906E-06,1.57728706623416E-05
"ASP",534,-2.10304942206371E-06,"ASP",534,-1.73501577289053E-05,-1.52471083068416E-05
"PHE",535,-6.72975814931814E-05,"PHE",535,-6.57202944269085E-05,1.57728706627287E-06
"ASN",536,-1.47213459514125E-05,"ASN",536,-2.20820189274755E-05,-7.36067297606302E-06
"LEU",537,-1.62986330177218E-05,"LEU",537,-4.20609884331376E-05,-2.57623554154158E-05
"VAL",538,-4.7318611988224E-06,"VAL",538,1.20925341745268E-05,1.68243953733492E-05
"ALA",539,1.10410094637218E-05,"ALA",539,2.26077812828773E-05,1.15667718191555E-05
"MET",540,-1.52471083069812E-05,"MET",540,-2.57623554152838E-05,-1.05152471083026E-05
"LYS",541,-2.99684542587404E-05,"LYS",541,-5.25762355366729E-07,2.94426919033737E-05
"TYR",542,-2.99684542587164E-05,"TYR",542,-1.8401682439472E-05,1.15667718192444E-05
"ASN",543,-2.57623554153669E-05,"ASN",543,-2.36593059936619E-05,2.10304942170504E-06
"TYR",544,-7.6761303890633E-05,"TYR",544,-5.04731861198879E-05,2.62881177707451E-05
"GLU",545,-3.68033648789851E-05,"GLU",545,-7.6235541535153E-05,-3.94321766561679E-05
"PRO",546,-3.47003154574958E-05,"PRO",546,-8.41219768658307E-06,2.62881177709127E-05
"LEU",547,-1.68243953733205E-05,"LEU",547,-1.15667718190853E-05,5.25762355423516E-06
"THR",548,-4.15352260777665E-05,"THR",548,-2.1030494216566E-05,2.05047318612005E-05
"GLN",549,-2.89169295477097E-05,"GLN",549,-2.36593059937216E-05,5.25762355398807E-06
"ASP",550,-5.78338590955166E-06,"ASP",550,-1.94532071503526E-05,-1.36698212408009E-05
"HIE",551,-3.68033648791094E-05,"HIE",551,-6.04626708726995E-05,-2.36593059935901E-05
"VAL",552,-5.94111461619668E-05,"VAL",552,-7.46582544689363E-05,-1.52471083069695E-05
"ASP",553,-0.00010147213459487,"ASP",553,-8.04416403783764E-05,2.10304942164936E-05
"ILE",554,3.99579390115505E-05,"ILE",554,0.000126708727655134,8.67507886435835E-05
"LEU",555,-0.000286540483701349,"LEU",555,-0.000363827549947357,-7.72870662460081E-05
"GLY",556,-7.04521556256972E-05,"GLY",556,-1.261829652998E-05,5.78338590957172E-05
"PRO",557,0.000335436382755102,"PRO",557,0.000754468980021072,0.00041903259726597
"LEU",558,-0.000399579390115739,"LEU",558,-0.000455835962145161,-5.62565720294218E-05
"SER",559,-9.20084121977021E-05,"SER",559,5.25762355414564E-05,0.000144584647739158
"ALA",560,0.000806519453207138,"ALA",560,0.00158359621451104,0.000777076761303901
"GLN",561,0.00833228180862236,"GLN",561,0.0122171398527864,0.00388485804416408
"THR",562,0.0016182965299684,"THR",562,0.00249263932702417,0.000874342797055772
"GLY",563,9.35856992639266E-05,"GLY",563,0.000467402733964256,0.000373817034700329
"ILE",564,-0.000242376445846497,"ILE",564,-0.000234490010515254,7.88643533124249E-06
"ALA",565,-9.25341745531124E-05,"ALA",565,-8.04416403785029E-05,1.20925341746095E-05
"VAL",566,-9.51629863301834E-05,"VAL",566,-0.000118296529968422,-2.31335436382383E-05
"LEU",567,-4.57413249211948E-05,"LEU",567,-6.83491062040261E-05,-2.26077812828313E-05
"ASP",568,-4.10094637224364E-05,"ASP",568,-1.57728706645906E-06,3.94321766559773E-05
"MET",569,4.73186119873945E-05,"MET",569,0.00013669821240803,8.9379600420636E-05
"CYS",570,-0.0000546792849631999,"CYS",570,-6.04626708727581E-05,-5.7833859095582E-06
"ALA",571,9.98948475289748E-06,"ALA",571,1.41955835962095E-05,4.206098843312E-06
"SER",572,7.15036803364842E-05,"SER",572,0.000121451104100916,4.99474237644322E-05
"LEU",573,-4.8895899053651E-05,"LEU",573,-6.72975814931546E-05,-1.84016824395036E-05
"LYS",574,-6.09884332280845E-05,"LYS",574,-4.41640378551486E-05,1.68243953729359E-05
"GLU",575,-3.9432176656138E-05,"GLU",575,-0.000105152471082934,-6.57202944267957E-05
"LEU",576,-9.67402733963961E-05,"LEU",576,-3.8906414300679E-05,5.78338590957171E-05
"LEU",577,-8.78023133542722E-05,"LEU",577,-7.30809674027355E-05,1.47213459515367E-05
"GLN",578,-4.04837013667869E-05,"GLN",578,-5.31019978970771E-05,-1.26182965302902E-05
"ASN",579,-3.52260778128511E-05,"ASN",579,-2.94426919034003E-05,5.78338590945079E-06
"GLY",580,-2.10304942166212E-05,"GLY",580,3.41745531020077E-05,5.52050473186289E-05
"MET",581,-8.72765509989586E-05,"MET",581,-5.25762355445618E-07,8.6750788643513E-05
"ASN",582,4.67928496320553E-05,"ASN",582,3.52260778133255E-05,-1.15667718187297E-05
"GLY",583,0.0003370136698212,"GLY",583,0.000418506834910584,8.14931650893843E-05
"ARG",584,0.00223133543638317,"ARG",584,0.00240431125131438,0.00017297581493121
"THR",585,0.00440904311251299,"THR",585,0.00463354363827553,0.000224500525762537
"ILE",586,0.00215667718191372,"ILE",586,0.0020304942166141,-0.000126182965299615
"LEU",587,0.0042960042060988,"LEU",587,0.00340851735015776,-0.00088748685594104
"GLY",588,0.0017245005257624,"GLY",588,0.0010268138801261,-0.000697686645636299
"SER",589,0.000696109358569886,"SER",589,8.93796004206342E-05,-0.000606729758149252
"ALA",590,-0.000366982124079922,"ALA",590,-0.000348580441640359,1.84016824395628E-05
"LEU",591,0.000117245005257603,"LEU",591,0.000177181913774938,5.99369085173354E-05
"LEU",592,-0.000110935856992617,"LEU",592,-2.41850683490538E-05,8.67507886435632E-05
"GLU",593,0.000218191377497539,"GLU",593,0.000680336487907845,0.000462145110410306
"ASP",594,-4.99474237645961E-05,"ASP",594,-6.15141955835575E-05,-1.15667718189614E-05
"GLU",595,6.51945320716058E-05,"GLU",595,0.000121976866456563,5.67823343849573E-05
"PHE",596,-0.000933753943217726,"PHE",596,-0.00178916929547843,-0.000855415352260704
"THR",597,0.000410094637224031,"THR",597,0.000574132492113575,0.000164037854889544
"PRO",598,-0.000259726603575153,"PRO",598,-0.000351735015772848,-9.20084121976946E-05
"PHE",599,0.000287592008412169,"PHE",599,0.000212933753943197,-7.46582544689716E-05
"ASP",600,-0.00108254468980003,"ASP",600,-0.0016903259726604,-0.000607781282860367
"VAL",601,0.000227129337539389,"VAL",601,-0.000657728706624633,-0.000884858044164021
"VAL",602,0.000249737118822263,"VAL",602,-0.000708727655099853,-0.000958464773922116
"ARG",603,0.0107181913774979,"ARG",603,0.0116976866456355,0.000979495268137643
"GLN",604,0.0220096605678233,"GLN",604,0.0180023247108309,-0.0040073358569924
"CYS",605,0.0112409051524711,"CYS",605,0.0131685135646688,0.00192760841219766
"SER",606,0.0141905825446898,"SER",606,0.0178976622502629,0.00370707970557306
"GLY",607,0.0110217993690852,"GLY",607,0.01150254553102,0.000480746161934784
"VAL",608,0.00372501745531016,"VAL",608,0.00382281808622502,9.78006309148563E-05
"THR",609,0.00857518401682444,"THR",609,0.00784611524710831,-0.000729068769716127
"PHE",610,0.00276813880126218,"PHE",610,0.00363776572029441,0.00086962691903223
