"Residue","Total","Energy wt","Residue","Total","Energy k90r-p132h-a285v",
"SER",1,-3.10199789701022E-05,"SER",1,-6.78233438482617E-05,-3.68033648781595E-05
"GLY",2,-1.47213459516149E-05,"GLY",2,1.31440588853985E-05,2.78654048370134E-05
"PHE",3,-6.30914826498461E-05,"PHE",3,-3.04942166140352E-05,3.25972660358109E-05
"ARG",4,0.000232386961093081,"ARG",4,3.41745531019519E-05,-0.000198212407991129
"LYS",5,0.00271976866456355,"LYS",5,0.00152839116719245,-0.0011913774973711
"MET",6,0.000389589905362794,"MET",6,0.000521030494216576,0.000131440588853782
"ALA",7,0.000692429022082022,"ALA",7,0.00102628811777079,0.000333859095688769
"PHE",8,-0.000381703470031511,"PHE",8,-0.000643007360672965,-0.000261303890641454
"PRO",9,0.000181388012618321,"PRO",9,4.73186119867671E-06,-0.000176656151419644
"SER",10,0.000994742376445834,"SER",10,0.000979495268138812,-1.52471083070217E-05
"GLY",11,2.94426919032417E-05,"GLY",11,-0.000138801261829658,-0.0001682439537329
"LYS",12,0.000755520504731925,"LYS",12,0.000557833859095631,-0.000197686645636294
"VAL",13,0.00288170347003167,"VAL",13,0.00250788643533119,-0.000373817034700481
"GLU",14,0.00186855941114617,"GLU",14,0.00183596214511039,-3.25972660357799E-05
"GLY",15,0.00253470031545743,"GLY",15,0.00242639327024184,-0.00010830704521559
"CYS",16,0.0037082018927445,"CYS",16,0.00315141955835962,-0.000556782334384878
"MET",17,0.0159910620399579,"MET",17,0.0126997896950578,-0.00329127234490008
"VAL",18,-0.00583123028391164,"VAL",18,-0.0039001051524711,0.00193112513144053
"GLN",19,0.0332586115667719,"GLN",19,0.0316886208201891,-0.00156999074658283
"VAL",20,-0.0421393270241851,"VAL",20,-0.0327634069400631,0.00937592008412195
"THR",21,-0.00282018927444779,"THR",21,-0.000574658254469068,0.00224553101997872
"CYS",22,-0.00391798107255521,"CYS",22,-0.000773922187171386,0.00314405888538382
"GLY",23,0.0138606729758149,"GLY",23,0.0124027339642482,-0.00145793901156673
"THR",24,0.0276082948475289,"THR",24,0.0257903865404836,-0.00181790830704526
"THR",25,-0.355809246687697,"THR",25,-0.250430760042061,0.105378486645636
"THR",26,-0.09787229022082,"THR",26,-0.049563846898002,0.048308443322818
"LEU",27,-0.670542543848581,"LEU",27,-0.475482384016824,0.195060159831757
"ASN",28,-0.0260405896950582,"ASN",28,-0.0119464736067301,0.0140941160883281
"GLY",29,0.00113669821240798,"GLY",29,0.0028732912723449,0.00173659305993692
"LEU",30,-0.00244794952681403,"LEU",30,-0.00241745531019987,3.04942166141561E-05
"TRP",31,-0.00347266035751849,"TRP",31,-0.0035110410094638,-3.83806519453148E-05
"LEU",32,-2.26077812828607E-05,"LEU",32,-9.72660357518231E-05,-7.46582544689624E-05
"ASP",33,-0.000647213459516408,"ASP",33,-0.000461619348054612,0.000185594111461796
"ASP",34,-6.6246056782378E-05,"ASP",34,-0.000259726603575109,-0.000193480546792731
"VAL",35,0.00539432176656149,"VAL",35,0.00479179810725551,-0.000602523659305978
"VAL",36,0.00334016824395384,"VAL",36,0.00375394321766566,0.000413774973711816
"TYR",37,-0.0149390115667718,"TYR",37,-0.0118606729758149,0.00307833859095687
"CYS",38,-0.0667849631966352,"CYS",38,-0.0493138801261829,0.0174710830704523
"PRO",39,-0.156062858885384,"PRO",39,-0.110908517350157,0.0451543415352266
"ARG",40,-0.175621906203995,"ARG",40,-0.141549899053628,0.034072007150367
"HID",41,-1.66426126140904,"HID",41,-1.1115172980021,0.552743963406937
"VAL",42,-0.260994162776025,"VAL",42,-0.14869672807571,0.112297434700315
"ILE",43,-0.0176345951629863,"ILE",43,-0.0212318611987382,-0.0035972660357519
"CYS",44,-0.10509112849632,"CYS",44,-0.10329134595163,0.00179978254469022
"THR",45,-0.0126480933753943,"THR",45,-0.00400114952681403,0.00864694384858027
"SER",46,-0.0329066830704522,"SER",46,-0.0332694119873817,-0.00036272891692949
"GLU",47,0.0812991465825441,"GLU",47,0.0435159305993688,-0.0377832159831753
"ASP",48,0.0268022658254468,"ASP",48,0.00736629400630919,-0.0194359718191376
"MET",49,-1.45881053375394,"MET",49,-1.15291434994742,0.305896183806517
"LEU",50,-0.0950218645636172,"LEU",50,-0.105344685173502,-0.0103228206098847
"ASN",51,0.0113643533123026,"ASN",51,0.0030662460567825,-0.0082981072555201
"PRO",52,-0.0389885459516299,"PRO",52,-0.0565243348054679,-0.017535788853838
"ASN",53,0.00731335436382726,"ASN",53,0.00752155625657189,0.000208201892744625
"TYR",54,-0.0520803188222923,"TYR",54,-0.0556671869610934,-0.00358686813880112
"GLU",55,0.0148675078864352,"GLU",55,0.0112245005257624,-0.00364300736067283
"ASP",56,0.00612460567823336,"ASP",56,0.00485488958990535,-0.00126971608832801
"LEU",57,-0.00470504731861183,"LEU",57,-0.00444164037854902,0.000263406940062808
"LEU",58,0.00297318611987384,"LEU",58,0.00268769716088328,-0.000285488958990565
"ILE",59,0.000682965299684587,"ILE",59,0.000941640378548979,0.000258675078864392
"ARG",60,0.0135678233438483,"ARG",60,0.0152281808622501,0.00166035751840184
"LYS",61,0.0694300736067297,"LYS",61,0.0614610935856993,-0.00796898002103037
"SER",62,0.0017124079915878,"SER",62,0.00131545741324918,-0.000396950578338624
"ASN",63,0.00413669821240818,"ASN",63,0.0035231335436381,-0.00061356466877008
"HIE",64,0.00347108307045198,"HIE",64,0.00288643533123033,-0.000584647739221646
"ASN",65,0.00109516298632991,"ASN",65,0.00325867507886444,0.00216351209253453
"PHE",66,-0.00114668769716089,"PHE",66,-0.00061882229232388,0.00052786540483701
"LEU",67,-0.00297896950578344,"LEU",67,-0.00214616193480549,0.000832807570977949
"VAL",68,0.00617823343848577,"VAL",68,0.00558254468980012,-0.000595688748685647
"GLN",69,0.00848475289169291,"GLN",69,0.0078785488958992,-0.000606203995793708
"ALA",70,0.000190851735015812,"ALA",70,0.000241324921135647,5.04731861198347E-05
"GLY",71,0.00136225026288118,"GLY",71,0.00105310199789693,-0.000309148264984252
"ASN",72,0.00111934805467864,"ASN",72,0.000548895899053779,-0.000570452155624861
"VAL",73,-0.000156151419558326,"VAL",73,-9.30599369085303E-05,6.30914826497957E-05
"GLN",74,0.00616876971608832,"GLN",74,0.00516140904311244,-0.00100736067297588
"LEU",75,0.00188222923238699,"LEU",75,0.00154679284963201,-0.000335436382754985
"ARG",76,0.00199999999999919,"ARG",76,0.00180914826498442,-0.000190851735014767
"VAL",77,0.00249053627760247,"VAL",77,0.0018070452155626,-0.000683491062039869
"ILE",78,-0.000624605678233416,"ILE",78,-0.000479495268138805,0.000145110410094611
"GLY",79,0.000418506834910639,"GLY",79,0.000341745531019979,-7.67613038906601E-05
"HIE",80,0.00729600420609885,"HIE",80,0.00636382754994743,-0.000932176656151418
"SER",81,0.00136119873817035,"SER",81,0.00151524710830706,0.000154048370136708
"MET",82,0.00534752891692952,"MET",82,0.0051535226077813,-0.000194006309148224
"GLN",83,0.00443848580441646,"GLN",83,0.00524658254468977,0.000808096740273309
"ASN",84,-0.00035015772870681,"ASN",84,0.00570872765510027,0.00605888538380709
"CYS",85,-0.0117250262881178,"CYS",85,-0.00959305993690849,0.00213196635120931
"VAL",86,-0.00701524710830701,"VAL",86,-0.00732649842271297,-0.000311251314405955
"LEU",87,-0.00545583596214513,"LEU",87,-0.00429442691903264,0.00116140904311249
"LYS",88,0.0133527865404837,"LYS",88,0.0115520504731862,-0.00180073606729755
"LEU",89,-0.00397896950578336,"LEU",89,-0.00331440588853834,0.000664563617245023
"LYS",90,-2.05047318613069E-05,"ARG",90,-0.000384858044164501,-0.000364353312303194
"VAL",91,0.000758675078864389,"VAL",91,0.000693480546792868,-6.51945320715211E-05
"ASP",92,-0.0011288117770767,"ASP",92,-0.00139852786540479,-0.00026971608832809
"THR",93,0.000324395373291394,"THR",93,0.000259200841219718,-6.51945320716756E-05
"ALA",94,0.000601472134595182,"ALA",94,0.000564143007360662,-3.73291272345206E-05
"ASN",95,0.0022607781282861,"ASN",95,0.00222555205047303,-3.52260778130682E-05
"PRO",96,-0.000691903259726545,"PRO",96,-0.000692429022081946,-5.25762355401164E-07
"LYS",97,0.000480546792849688,"LYS",97,0.00025920084121985,-0.000221345951629838
"THR",98,-1.57728706619568E-06,"THR",98,3.1545741324871E-05,3.31230283910666E-05
"PRO",99,-0.000668769716088361,"PRO",99,-0.00074973711882246,-8.09674027340986E-05
"LYS",100,0.000123028391166976,"LYS",100,7.04521556256382E-05,-5.25762355413378E-05
"TYR",101,-6.94006309147451E-05,"TYR",101,-9.30599369084588E-05,-2.36593059937137E-05
"LYS",102,0.000317560462670945,"LYS",102,0.00020399579390113,-0.000113564668769815
"PHE",103,0.000300210304942177,"PHE",103,0.000271293375394322,-2.89169295478549E-05
"VAL",104,0.00106256572029444,"VAL",104,0.00128023133543641,0.000217665615141969
"ARG",105,0.0121845425867505,"ARG",105,0.0145720294426916,0.00238748685594106
"ILE",106,0.00112986330178763,"ILE",106,0.00142271293375398,0.00029284963196635
"GLN",107,0.00222082018927416,"GLN",107,0.00297739221871709,0.000756572029442933
"PRO",108,-5.2576235535155E-07,"PRO",108,0.000216614090431133,0.000217139852786484
"GLY",109,0.000440588853838087,"GLY",109,0.000632492113564644,0.000191903259726557
"GLN",110,0.000895899053627742,"GLN",110,0.00160620399579409,0.00071030494216635
"THR",111,0.00301051524710835,"THR",111,0.00523764458464782,0.00222712933753947
"PHE",112,0.000354889589905372,"PHE",112,1.47213459515811E-05,-0.000340168243953791
"SER",113,0.00442060988433225,"SER",113,0.00583175604626702,0.00141114616193477
"VAL",114,-9.56887486856063E-05,"VAL",114,-0.00395951629863299,-0.00386382754994738
"LEU",115,0.0013633017875919,"LEU",115,0.00266719242902211,0.00130389064143021
"ALA",116,0.00638906414300736,"ALA",116,0.00715299684542586,0.000763932702418502
"CYS",117,-0.00236014721345949,"CYS",117,-0.000163512092534162,0.00219663512092533
"TYR",118,0.000194896740273322,"TYR",118,-0.00816052954784426,-0.00835542628811758
"ASN",119,0.036132769716088,"ASN",119,0.0211778052576234,-0.0149549644584646
"GLY",120,0.0119794952681388,"GLY",120,0.00910357518401679,-0.00287592008412201
"SER",121,0.00332018927444793,"SER",121,0.00274815983175605,-0.00057202944269188
"PRO",122,0.00430599369085174,"PRO",122,0.00386382754994742,-0.000442166140904317
"SER",123,0.00636382754994744,"SER",123,0.00662302839116726,0.000259200841219822
"GLY",124,0.00258780231335438,"GLY",124,0.00236645636172447,-0.00022134595162991
"VAL",125,0.00363038906414293,"VAL",125,0.00319348054679286,-0.000436908517350066
"TYR",126,-0.00337854889589906,"TYR",126,-0.00256519453207158,0.00081335436382748
"GLN",127,0.00284805467928483,"GLN",127,0.00302733964248145,0.000179284963196621
"CYS",128,0.00168191377497369,"CYS",128,0.00215141955835963,0.000469505783385944
"ALA",129,0.0033301787592008,"ALA",129,0.00445162986330181,0.00112145110410101
"MET",130,0.00527287066246061,"MET",130,0.00534752891692957,7.46582544689633E-05
"ARG",131,0.00916929547844313,"ARG",131,0.00808149316508958,-0.00108780231335355
"PRO",132,0.00285383806519456,"HIE",132,0.00747634069400634,0.00462250262881178
"ASN",133,0.0114426919032594,"ASN",133,0.0123007360672973,0.000858044164037928
"PHE",134,0.00520662460567819,"PHE",134,0.00352050473186119,-0.001686119873817
"THR",135,0.019273396424816,"THR",135,0.0223075709779181,0.00303417455310211
"ILE",136,0.00165983175604622,"ILE",136,0.00176130389064145,0.000101472134595234
"LYS",137,0.0187407991587804,"LYS",137,0.018937960042061,0.000197160883280582
"GLY",138,0.00255099894847528,"GLY",138,0.00245583596214517,-9.51629863301115E-05
"SER",139,0.00984490010515243,"SER",139,0.0103144058885383,0.000469505783385914
"PHE",140,-0.0774448778128287,"PHE",140,-0.05953861787592,0.0179062599369087
"LEU",141,-0.0137156092534174,"LEU",141,-0.0114409337539432,0.00227467549947418
"ASN",142,-0.0744393556256573,"ASN",142,-0.32502756508938,-0.250588209463723
"GLY",143,-0.506499349737118,"GLY",143,-0.781645217665616,-0.275145867928498
"SER",144,-0.361982564037855,"SER",144,-0.538677206729758,-0.176694642691903
"CYS",145,-1.28516606098843,"CYS",145,-1.63328452197687,-0.348118460988439
"GLY",146,-0.0363131449001053,"GLY",146,-0.00686654805467924,0.0294465968454261
"SER",147,-0.00623133543638273,"SER",147,-0.00724868559411142,-0.00101735015772869
"VAL",148,-0.000520504731861154,"VAL",148,0.000562039957939041,0.0010825446898002
"GLY",149,0.00023133543638278,"GLY",149,-0.000772870662460595,-0.00100420609884338
"PHE",150,-0.00339642481598318,"PHE",150,-0.00336961093585694,2.68138801262398E-05
"ASN",151,-0.000738696109358436,"ASN",151,-0.000594111461619686,0.00014458464773875
"ILE",152,-0.000467928496319677,"ILE",152,-0.000473711882229228,-5.78338590955148E-06
"ASP",153,-0.000258149316508971,"ASP",153,-0.000121976866456361,0.00013617245005261
"TYR",154,-6.67718191377706E-05,"TYR",154,-6.88748685594367E-05,-2.10304942166612E-06
"ASP",155,5.15247108307525E-05,"ASP",155,0.000141955835962352,0.0000904311251315997
"CYS",156,0.000363827549947407,"CYS",156,0.000436382754994724,7.25552050473173E-05
"VAL",157,0.00164563617245006,"VAL",157,0.00177444794952679,0.000128811777076732
"SER",158,0.00125709779179811,"SER",158,0.00118717139852791,-6.99263932702034E-05
"PHE",159,0.000971608832807627,"PHE",159,0.000970557308096784,-1.05152471084288E-06
"CYS",160,0.00464248159831761,"CYS",160,0.00587539432176657,0.00123291272344896
"TYR",161,-0.0150415352260778,"TYR",161,-0.0169337539432177,-0.00189221871713985
"MET",162,-0.0251913774973712,"MET",162,-0.026248159831756,-0.00105678233438481
"HID",163,-0.071938821871714,"HID",163,-0.0704400715036802,0.00149875036803383
"HIE",164,-0.229438503470032,"HIE",164,-0.130617472555205,0.0988210309148269
"MET",165,-2.77964786961094,"MET",165,-3.10026642060989,-0.320618550998946
"GLU",166,-1.82037374679285,"GLU",166,-2.64519970515247,-0.824825958359624
"LEU",167,-0.529981762776026,"LEU",167,-0.610469527234489,-0.0804877644584633
"PRO",168,-0.748726507676131,"PRO",168,-0.720301451945322,0.0284250557308091
"THR",169,-0.0190278431125131,"THR",169,-0.0168238696109359,0.00220397350157723
"GLY",170,0.00981403995793904,"GLY",170,0.0199369085173502,0.0101228685594112
"VAL",171,-0.0598619104100948,"VAL",171,-0.0684905362776025,-0.0086286258675077
"HIE",172,-0.223107931861199,"HIE",172,-0.219251386330179,0.00385654553102033
"ALA",173,-0.0662414477392218,"ALA",173,-0.0824357724500527,-0.0161943247108309
"GLY",174,-0.0213548895899054,"GLY",174,-0.0197024185068349,0.00165247108307047
"THR",175,-0.0126251314405888,"THR",175,-0.0134663512092534,-0.00084121976866461
"ASP",176,-0.00750315457413233,"ASP",176,-0.00891903259726564,-0.00141587802313331
"LEU",177,0.00185962145110412,"LEU",177,0.000855941114616155,-0.00100368033648797
"GLU",178,0.00346635120925364,"GLU",178,0.00390010515247094,0.000433753943217301
"GLY",179,0.00165089379600422,"GLY",179,0.00376235541535227,0.00211146161934805
"ASN",180,0.00539695057833846,"ASN",180,0.00633333333333355,0.000936382754995086
"PHE",181,-0.0170417076761303,"PHE",181,-0.0345390864353312,-0.0174973787592009
"TYR",182,0.00901472134595163,"TYR",182,0.00835646687697164,-0.000658254468979989
"GLY",183,0.0114106203995794,"GLY",183,0.0131855941114616,0.00177497371188217
"PRO",184,0.00552786540483705,"PRO",184,0.00598843322818076,0.000460567823343715
"PHE",185,-0.0428402128286015,"PHE",185,-0.0547386696109359,-0.0118984567823344
"VAL",186,-0.107377086855941,"VAL",186,-0.121531271083071,-0.0141541842271298
"ASP",187,-0.0626679491062043,"ASP",187,-0.00600931440588864,0.0566586347003157
"ARG",188,-0.416357223554153,"ARG",188,-0.401686254468979,0.0146709690851738
"GLN",189,-1.65541421366982,"GLN",189,-1.64667972281808,0.00873449085173572
"THR",190,-0.156218395793901,"THR",190,-0.278024094637224,-0.121805698843323
"ALA",191,-0.116615350157729,"ALA",191,-0.110430526182965,0.00618482397476362
"GLN",192,-0.220051800210305,"GLN",192,-0.195608878233438,0.0244429219768666
"ALA",193,-0.0045147213459516,"ALA",193,-0.0070876483701367,-0.0025729270241851
"ALA",194,-0.00448317560462675,"ALA",194,-0.00425446898002106,0.000228706624605695
"GLY",195,0.00285226077812828,"GLY",195,0.00466982124079918,0.0018175604626709
"THR",196,0.00530967402733967,"THR",196,0.0056577287066246,0.000348054679284926
"ASP",197,0.00109884332281799,"ASP",197,-0.0001724500525762,-0.00127129337539419
"THR",198,0.000861198738170227,"THR",198,0.00122134595162998,0.000360147213459754
"THR",199,0.000557833859095685,"THR",199,0.00056098843322816,3.15457413247453E-06
"ILE",200,-6.41430073606324E-05,"ILE",200,-7.51840168243727E-05,-1.10410094637403E-05
"THR",201,2.99684542586613E-05,"THR",201,3.25972660357468E-05,2.62881177708555E-06
"VAL",202,0.00022082018927446,"VAL",202,0.000186645636172384,-3.41745531020756E-05
"ASN",203,0.000769190325972437,"ASN",203,0.000659831756046295,-0.000109358569926142
"VAL",204,-6.57202944268357E-05,"VAL",204,-6.78233438485655E-05,-2.1030494217298E-06
"LEU",205,-6.88748685594566E-05,"LEU",205,-3.52260778127077E-05,3.36487907467488E-05
"ALA",206,4.78443743428076E-05,"ALA",206,1.05152471083171E-05,-3.73291272344905E-05
"TRP",207,-0.000219242902208182,"TRP",207,-0.000185594111461632,3.36487907465496E-05
"LEU",208,-5.94111461619565E-05,"LEU",208,-7.51840168243738E-05,-1.57728706624173E-05
"TYR",209,-5.09989484753632E-05,"TYR",209,-3.20715036804327E-05,1.89274447949305E-05
"ALA",210,-3.57518401682174E-05,"ALA",210,-8.93796004205366E-06,2.68138801261637E-05
"ALA",211,-3.04942166140818E-05,"ALA",211,-4.62670872765251E-05,-1.57728706624433E-05
"VAL",212,-3.1019978969592E-05,"VAL",212,-2.73396424816301E-05,3.6803364879619E-06
"ILE",213,-6.30914826499894E-06,"ILE",213,-2.62881177707507E-05,-1.99789695057518E-05
"ASN",214,-2.99684542588742E-05,"ASN",214,-8.9379600421485E-06,2.10304942167257E-05
"GLY",215,1.47213459516113E-05,"GLY",215,-8.41219768660309E-06,-2.31335436382144E-05
"ASP",216,-8.41219768654011E-06,"ASP",216,2.31335436382515E-05,3.15457413247916E-05
"ARG",217,-6.3617245004097E-05,"ARG",217,-3.9957939011369E-05,2.3659305992728E-05
"TRP",218,-1.68243953732872E-05,"TRP",218,-1.41955835962066E-05,2.62881177708056E-06
"PHE",219,-2.31335436382566E-05,"PHE",219,-2.62881177707598E-05,-3.15457413250321E-06
"LEU",220,-3.7854889589855E-05,"LEU",220,-1.5772870662209E-06,3.62776025236341E-05
"ASN",221,-1.05152471082078E-05,"ASN",221,-2.41850683490984E-05,-1.36698212408906E-05
"ARG",222,-1.10410094640441E-05,"ARG",222,-6.09884332283077E-05,-4.99474237642636E-05
"PHE",223,-5.25762355415458E-06,"PHE",223,-1.68243953733037E-05,-1.15667718191491E-05
"THR",224,-5.2576235538564E-07,"THR",224,-3.1545741324885E-06,-2.62881177710286E-06
"THR",225,1.05152471078996E-06,"THR",225,-8.93796004208499E-06,-9.98948475287495E-06
"THR",226,1.20925341745427E-05,"THR",226,1.4721345951597E-05,2.62881177705425E-06
"LEU",227,-1.36698212408077E-05,"LEU",227,-8.93796004198972E-06,4.73186119881798E-06
"ASN",228,-1.20925341742298E-05,"ASN",228,-2.36593059936992E-05,-1.15667718194694E-05
"ASP",229,2.10304942172375E-06,"ASP",229,4.62670872766187E-05,4.4164037854895E-05
"PHE",230,-5.15247108306961E-05,"PHE",230,-0.0000452155625656999,6.3091482649962E-06
"ASN",231,-2.41850683489901E-05,"ASN",231,-1.10410094639059E-05,1.31440588850842E-05
"LEU",232,3.15457413251441E-06,"LEU",232,-2.57623554153232E-05,-2.89169295478376E-05
"VAL",233,-1.9453207150421E-05,"VAL",233,2.31335436383334E-05,4.25867507887544E-05
"ALA",234,5.25762355416284E-06,"ALA",234,-1.20925341745495E-05,-1.73501577287123E-05
"MET",235,-6.62460567823602E-05,"MET",235,-5.83596214511157E-05,7.88643533124455E-06
"LYS",236,-8.72765509990374E-05,"LYS",236,-0.000115141955835989,-2.78654048369516E-05
"TYR",237,-4.73186119873279E-05,"TYR",237,-3.62776025237027E-05,1.10410094636252E-05
"ASN",238,0.000272344900104832,"ASN",238,0.000381177707676337,0.000108832807571505
"TYR",239,-7.83385909568469E-05,"TYR",239,-6.15141955835563E-05,1.68243953732906E-05
"GLU",240,0.000420084121976975,"GLU",240,0.000603049421661423,0.000182965299684448
"PRO",241,-0.000146161934805452,"PRO",241,-0.00014037854889592,5.78338590953174E-06
"LEU",242,-4.15352260778134E-05,"LEU",242,-3.47003154572945E-05,6.83491062051885E-06
"THR",243,-5.99369085172917E-05,"THR",243,-4.73186119873854E-05,1.26182965299063E-05
"GLN",244,-3.4700315457295E-05,"GLN",244,-1.73501577285877E-05,1.73501577287073E-05
"ASP",245,1.4721345951603E-05,"ASP",245,0.000118296529968156,0.000103575184016553
"HIE",246,-0.000124079915878029,"HIE",246,-0.000104626708727674,1.9453207150355E-05
"VAL",247,-3.68033648791185E-05,"VAL",247,-3.10199789694335E-05,5.78338590968502E-06
"ASP",248,6.83491062042101E-06,"ASP",248,7.51840168242837E-05,6.83491062038626E-05
"ILE",249,-4.15352260778175E-05,"ILE",249,-2.73396424815969E-05,1.41955835962206E-05
"LEU",250,-3.20715036802879E-05,"LEU",250,-4.94216614090741E-05,-1.73501577287862E-05
"GLY",251,-9.46372239748429E-06,"GLY",251,-1.84016824395302E-05,-8.93796004204594E-06
"PRO",252,-4.62670872765198E-05,"PRO",252,-1.68243953732614E-05,2.94426919032584E-05
"LEU",253,-1.52471083070246E-05,"LEU",253,-2.26077812827883E-05,-7.36067297576371E-06
"SER",254,-2.73396424815856E-05,"SER",254,-1.05152471082932E-05,1.68243953732924E-05
"ALA",255,4.20609884334967E-06,"ALA",255,-5.25762355414921E-06,-9.46372239749888E-06
"GLN",256,-4.04837013669289E-05,"GLN",256,-8.41219768674931E-06,3.20715036801796E-05
"THR",257,-2.52365930599519E-05,"THR",257,-2.94426919032873E-05,-4.2060988433354E-06
"GLY",258,-2.62881177706538E-06,"GLY",258,6.30914826497303E-06,8.93796004203841E-06
"ILE",259,-3.83806519453073E-05,"ILE",259,-6.30914826497861E-06,3.20715036803287E-05
"ALA",260,-5.78338590960023E-06,"ALA",260,2.10304942161028E-06,7.88643533121051E-06
"VAL",261,-6.83491062040805E-06,"VAL",261,-1.7875920084077E-05,-1.1041009463669E-05
"LEU",262,-9.98948475291464E-06,"LEU",262,-1.78759200841585E-05,-7.8864353312439E-06
"ASP",263,3.15457413247243E-05,"ASP",263,1.47213459516889E-05,-1.68243953730353E-05
"MET",264,-1.62986330178493E-05,"MET",264,-2.83911671924089E-05,-1.20925341745596E-05
"CYS",265,-2.47108307045192E-05,"CYS",265,-9.98948475289719E-06,1.4721345951622E-05
"ALA",266,1.10410094637243E-05,"ALA",266,1.05152471080421E-06,-9.9894847529201E-06
"SER",267,8.93796004204962E-06,"SER",267,1.05152471083002E-05,1.57728706625061E-06
"LEU",268,1.52471083070423E-05,"LEU",268,-8.41219768662265E-06,-2.36593059936649E-05
"LYS",269,-6.41430073603815E-05,"LYS",269,-9.62145110408067E-05,-3.20715036804252E-05
"GLU",270,5.2576235550005E-07,"GLU",270,4.04837013665291E-05,3.99579390110291E-05
"LEU",271,-2.99684542586867E-05,"LEU",271,-5.25762355419404E-06,2.47108307044927E-05
"LEU",272,-5.04731861199107E-05,"LEU",272,-6.20399579389931E-05,-1.15667718190824E-05
"GLN",273,-7.8864353311484E-06,"GLN",273,-4.20609884351848E-06,3.68033648762992E-06
"ASN",274,-2.36593059938188E-05,"ASN",274,-3.31230283911012E-05,-9.46372239728241E-06
"GLY",275,-1.73501577287203E-05,"GLY",275,-1.26182965299838E-05,4.73186119873651E-06
"MET",276,-3.25972660357228E-05,"MET",276,-2.99684542586632E-05,2.6288117770596E-06
"ASN",277,5.78338590948442E-06,"ASN",277,-1.47213459516964E-05,-2.05047318611808E-05
"GLY",278,-2.73396424816031E-05,"GLY",278,-6.30914826495937E-06,2.10304942166437E-05
"ARG",279,-3.83806519456235E-05,"ARG",279,-3.470031545731E-05,3.68033648831354E-06
"THR",280,3.6803364879157E-06,"THR",280,-2.62881177708109E-05,-2.99684542587266E-05
"ILE",281,1.52471083070195E-05,"ILE",281,5.25762355394222E-07,-1.47213459516253E-05
"LEU",282,2.1030494216369E-06,"LEU",282,2.62881177710052E-06,5.25762355463621E-07
"GLY",283,-3.68033648792586E-06,"GLY",283,-3.68033648791138E-06,1.44800282333123E-17
"SER",284,-2.62881177708034E-05,"SER",284,-2.68138801261313E-05,-5.2576235532793E-07
"ALA",285,-5.78338590956861E-05,"VAL",285,-5.20504731861106E-05,5.78338590957546E-06
"LEU",286,-5.67823343848244E-05,"LEU",286,-5.25762355415348E-05,4.2060988432896E-06
"LEU",287,2.62881177707563E-05,"LEU",287,3.41745531020144E-05,7.88643533125815E-06
"GLU",288,8.56992639327567E-05,"GLU",288,0.000373291272344889,0.000287592008412133
"ASP",289,-0.000169295478443622,"ASP",289,6.51945320714451E-05,0.000234490010515067
"GLU",290,-0.00255099894847512,"GLU",290,-0.00110357518401665,0.00144742376445847
"PHE",291,-0.000221871713985315,"PHE",291,-0.000410094637224025,-0.00018822292323871
"THR",292,0.000490536277602531,"THR",292,0.000494216614090414,3.68033648788328E-06
"PRO",293,-0.00049789695057835,"PRO",293,-0.000481072555205071,1.68243953732789E-05
"PHE",294,-2.52365930599513E-05,"PHE",294,-3.52260778128618E-05,-9.98948475291054E-06
"ASP",295,-0.000697160883280612,"ASP",295,-0.00033806519453218,0.000359095688748432
"VAL",296,-0.000146687697160908,"VAL",296,-0.000125131440588808,2.15562565720997E-05
"VAL",297,-1.62986330178513E-05,"VAL",297,-3.04942166141128E-05,-1.41955835962615E-05
"ARG",298,0.000763406940063061,"ARG",298,0.000684542586750426,-7.8864353312635E-05
"GLN",299,-2.05047318614797E-05,"GLN",299,-1.10410094635398E-05,9.46372239793994E-06
"CYS",300,-1.41955835961789E-05,"CYS",300,-3.99579390116205E-05,-2.57623554154416E-05
"SER",301,0.0001508937960042,"SER",301,0.00016508937960042,1.41955835962201E-05
"GLY",302,0.000709253417455324,"GLY",302,0.000751314405888517,4.20609884331932E-05
"VAL",303,0.00216246056782327,"VAL",303,0.00279442691903249,0.000631966351209219
"THR",304,0.00440483701366976,"THR",304,0.00623764458464775,0.00183280757097799
"PHE",305,0.00136172450052571,"PHE",305,0.00086593059936906,-0.00049579390115665
"SER",306,0.00816508937960044,"SER",306,0.00737434279705579,-0.000790746582544645
"GLY",307,0.00380809674027342,"GLY",307,0.00453627760252366,0.000728180862250238
"PHE",308,0.000954479915877958,"PHE",308,-0.00203898759200843,-0.00299346750788639
"ARG",309,0.0148554153522611,"ARG",309,0.0133922187171402,-0.00146319663512091
"LYS",310,0.00732860147213448,"LYS",310,0.0041945320715036,-0.00313406940063088
"MET",311,0.0014731861198738,"MET",311,0.00180546792849634,0.000332281808622535
"ALA",312,0.00121083070452157,"ALA",312,0.00105205047318609,-0.000158780231335484
"PHE",313,0.000806519453207191,"PHE",313,0.00084963196635118,4.31125131439892E-05
"PRO",314,-0.000240273396424783,"PRO",314,-0.000318086225026312,-7.78128286015292E-05
"SER",315,0.000317034700315474,"SER",315,-2.5236593059948E-05,-0.000342271293375422
"GLY",316,0.000114090431125134,"GLY",316,-2.68138801261864E-05,-0.00014090431125132
"LYS",317,0.00172187171398539,"LYS",317,0.000841219768664777,-0.000880651945320613
"VAL",318,0.000253417455310178,"VAL",318,0.000247634069400697,-5.78338590948117E-06
"GLU",319,-0.000953207150368098,"GLU",319,-0.000830704521556271,0.000122502628811827
"GLY",320,-8.2018927444774E-05,"GLY",320,-0.000100420609884332,-1.84016824395582E-05
"CYS",321,-7.83385909568597E-05,"CYS",321,-6.3617245005264E-05,1.47213459515957E-05
"MET",322,-6.30914826498033E-05,"MET",322,-3.89064143007507E-05,2.41850683490526E-05
"VAL",323,-2.10304942166253E-05,"VAL",323,-4.20609884335878E-06,1.68243953732665E-05
"GLN",324,-7.36067297552507E-06,"GLN",324,-2.57623554149859E-05,-1.84016824394608E-05
"VAL",325,-2.31335436382786E-05,"VAL",325,-2.89169295477662E-05,-5.78338590948764E-06
"THR",326,-3.68033648788301E-06,"THR",326,6.30914826496952E-06,9.98948475285253E-06
"CYS",327,-4.20609884332393E-06,"CYS",327,-1.1566771819118E-05,-7.36067297579404E-06
"GLY",328,5.2576235540362E-07,"GLY",328,4.73186119875038E-06,4.20609884334676E-06
"THR",329,-1.62986330178547E-05,"THR",329,2.62881177704542E-06,1.89274447949001E-05
"THR",330,-1.20925341745389E-05,"THR",330,-1.20925341745567E-05,-1.77724452992897E-17
"THR",331,-1.7350157728697E-05,"THR",331,-1.10410094637051E-05,6.30914826499193E-06
"LEU",332,-4.20609884337979E-06,"LEU",332,-2.57623554153896E-05,-2.15562565720098E-05
"ASN",333,3.15457413243993E-06,"ASN",333,-1.41955835963047E-05,-1.73501577287446E-05
"GLY",334,2.94426919032275E-05,"GLY",334,-2.36593059936902E-05,-5.31019978969177E-05
"LEU",335,-6.83491062038412E-06,"LEU",335,-1.41955835962286E-05,-7.36067297584447E-06
"TRP",336,-2.36593059936957E-05,"TRP",336,-2.57623554153406E-05,-2.10304942164491E-06
"LEU",337,-2.99684542587196E-05,"LEU",337,-2.10304942167939E-06,2.78654048370402E-05
"ASP",338,-9.98948475304399E-06,"ASP",338,3.10199789697025E-05,4.10094637227465E-05
"ASP",339,-2.10304942150334E-06,"ASP",339,3.20715036804037E-05,3.4174553101907E-05
"VAL",340,-2.52365930599066E-05,"VAL",340,-4.20609884333029E-06,2.10304942165763E-05
"VAL",341,-2.31335436382743E-05,"VAL",341,-1.84016824395418E-05,4.73186119873246E-06
"TYR",342,-2.26077812828745E-05,"TYR",342,-6.30914826493497E-06,1.62986330179395E-05
"CYS",343,-1.84016824395047E-05,"CYS",343,-1.52471083070386E-05,3.15457413246607E-06
"PRO",344,1.57728706620129E-06,"PRO",344,-6.83491062048452E-06,-8.41219768668581E-06
"ARG",345,-2.41850683496251E-05,"ARG",345,-1.78759200839682E-05,6.30914826565686E-06
"HID",346,-1.73501577286787E-05,"HID",346,-1.26182965299775E-05,4.73186119870125E-06
"VAL",347,-2.62881177704303E-06,"VAL",347,1.31440588853934E-05,1.57728706624365E-05
"ILE",348,-1.6824395373309E-05,"ILE",348,1.62986330179107E-05,3.31230283912197E-05
"CYS",349,-5.25762355417542E-06,"CYS",349,-5.78338590956116E-06,-5.25762355385741E-07
"THR",350,3.15457413252585E-06,"THR",350,8.93796004213355E-06,5.7833859096077E-06
"SER",351,-2.733964248161E-05,"SER",351,-2.15562565720126E-05,5.78338590959741E-06
"GLU",352,3.15457413264166E-06,"GLU",352,3.68033648791346E-05,3.36487907464929E-05
"ASP",353,-1.36698212406963E-05,"ASP",353,3.73576622376498E-18,0.0000136698212407
"MET",354,3.68033648789638E-06,"MET",354,-4.73186119872685E-06,-8.41219768662323E-06
"LEU",355,1.94532071503666E-05,"LEU",355,2.10304942165723E-05,1.57728706620572E-06
"ASN",356,-1.94532071503675E-05,"ASN",356,7.36067297575668E-06,2.68138801261242E-05
"PRO",357,-4.7318611988224E-06,"PRO",357,-7.36067297585568E-06,-2.62881177703328E-06
"ASN",358,-3.68033648787274E-06,"ASN",358,3.15457413273132E-06,6.83491062060406E-06
"TYR",359,1.73501577287166E-05,"TYR",359,1.94532071503409E-05,2.10304942162431E-06
"GLU",360,-1.41955835963533E-05,"GLU",360,-1.36698212409279E-05,5.25762355425361E-07
"ASP",361,-8.41219768664845E-06,"ASP",361,-2.62881177691373E-06,5.78338590973472E-06
"LEU",362,-4.20609884336806E-06,"LEU",362,2.26077812828397E-05,2.68138801262077E-05
"LEU",363,6.83491062047693E-06,"LEU",363,1.94532071503745E-05,1.26182965298976E-05
"ILE",364,2.6813880126183E-05,"ILE",364,-1.99789695057513E-05,-4.67928496319343E-05
"ARG",365,4.20609884422454E-06,"ARG",365,-5.25762355104058E-07,-4.7318611993286E-06
"LYS",366,2.10304942165814E-06,"LYS",366,-2.20820189274015E-05,-2.41850683490596E-05
"SER",367,-1.89274447949399E-05,"SER",367,8.4121976866251E-06,2.7339642481565E-05
"ASN",368,-3.73291272342573E-05,"ASN",368,-5.78338590954419E-06,3.15457413247131E-05
"HIE",369,-4.20609884333636E-06,"HIE",369,-1.05152471082153E-05,-6.30914826487894E-06
"ASN",370,-2.57623554153258E-05,"ASN",370,9.98948475277502E-06,3.57518401681008E-05
"PHE",371,-2.10304942167379E-06,"PHE",371,1.62986330178809E-05,1.84016824395547E-05
"LEU",372,7.88643533121984E-06,"LEU",372,-1.10410094636992E-05,-1.8927444794919E-05
"VAL",373,-1.36698212407229E-05,"VAL",373,-1.31440588852476E-05,5.25762355475261E-07
"GLN",374,-1.31440588852822E-05,"GLN",374,-2.47108307046134E-05,-1.15667718193312E-05
"ALA",375,-2.10304942166092E-05,"ALA",375,-2.10304942166104E-05,-1.17229359899995E-18
"GLY",376,8.93796004207938E-06,"GLY",376,-1.57728706624563E-05,-2.47108307045356E-05
"ASN",377,-3.5751840167929E-05,"ASN",377,-1.10410094634015E-05,2.47108307045275E-05
"VAL",378,-2.73396424816742E-05,"VAL",378,-1.94532071503316E-05,7.88643533134263E-06
"GLN",379,-2.62881177679419E-06,"GLN",379,3.68033648768969E-06,6.30914826448388E-06
"LEU",380,-2.78654048370159E-05,"LEU",380,-3.20715036803271E-05,-4.20609884331122E-06
"ARG",381,1.89274447940269E-05,"ARG",381,-1.57728706623715E-05,-3.47003154563984E-05
"VAL",382,1.89274447949483E-05,"VAL",382,-3.68033648792971E-06,-2.2607781282878E-05
"ILE",383,-4.73186119872049E-06,"ILE",383,9.9894847528882E-06,1.47213459516087E-05
"GLY",384,-1.47213459516277E-05,"GLY",384,1.05152471083759E-06,1.57728706624653E-05
"HIE",385,-1.68243953733109E-05,"HIE",385,-2.10304942167449E-06,1.47213459516364E-05
"SER",386,6.83491062039165E-06,"SER",386,3.68033648795563E-06,-3.15457413243602E-06
"MET",387,-3.15457413251406E-06,"MET",387,3.15457413248896E-06,6.30914826500302E-06
"GLN",388,-3.68033648799975E-06,"GLN",388,-8.41219768654011E-06,-4.73186119854036E-06
"ASN",389,-1.52471083070807E-05,"ASN",389,-2.62881177702805E-05,-1.10410094631998E-05
"CYS",390,-1.94532071503654E-05,"CYS",390,2.10304942166157E-05,4.04837013669811E-05
"VAL",391,1.05152471080491E-06,"VAL",391,-1.68243953733114E-05,-1.78759200841163E-05
"LEU",392,-7.36067297576696E-06,"LEU",392,-1.57728706630846E-06,5.7833859094585E-06
"LYS",393,-2.20820189274288E-05,"LYS",393,-2.68138801262701E-05,-4.73186119884134E-06
"LEU",394,-2.62881177714932E-06,"LEU",394,1.10410094637209E-05,1.36698212408703E-05
"LYS",395,-2.05047318612168E-05,"ARG",395,-4.88958990534578E-05,-2.8391167192241E-05
"VAL",396,-1.26182965299054E-05,"VAL",396,-1.1566771819192E-05,1.05152471071336E-06
"ASP",397,3.10199789695119E-05,"ASP",397,3.57518401681457E-05,4.73186119863379E-06
"THR",398,1.52471083070807E-05,"THR",398,-1.10410094637863E-05,-2.6288117770867E-05
"ALA",399,-2.10304942165898E-05,"ALA",399,1.68243953733047E-05,3.78548895898945E-05
"ASN",400,-2.10304942179847E-06,"ASN",400,-1.62986330181405E-05,-1.41955835963421E-05
"PRO",401,-2.94426919032117E-05,"PRO",401,-2.47108307044397E-05,4.73186119877202E-06
"LYS",402,-0.000174553101997864,"LYS",402,-0.000317560462670893,-0.000143007360673029
"THR",403,-3.52260778128913E-05,"THR",403,-3.15457413248149E-05,3.68033648807637E-06
"PRO",404,-0.000150368033648783,"PRO",404,-0.000136698212407864,1.36698212409186E-05
"LYS",405,-1.524710830708E-05,"LYS",405,-0.000179284963196568,-0.000164037854889488
"TYR",406,-5.57308096739787E-05,"TYR",406,-3.57518401682746E-05,1.99789695057041E-05
"LYS",407,-4.67928496320499E-05,"LYS",407,-0.000180336487907414,-0.000133543638275364
"PHE",408,-2.73396424816282E-05,"PHE",408,-3.15457413249675E-05,-4.20609884333931E-06
"VAL",409,-4.7844374342872E-05,"VAL",409,-5.78338590954746E-06,4.20609884333245E-05
"ARG",410,-2.10304942169386E-05,"ARG",410,-5.67823343844119E-05,-3.57518401674733E-05
"ILE",411,-2.41850683490664E-05,"ILE",411,-4.31125131440022E-05,-1.89274447949358E-05
"GLN",412,-2.20820189275241E-05,"GLN",412,-2.47108307045163E-05,-2.62881177699217E-06
"PRO",413,-1.10410094636504E-05,"PRO",413,-1.78759200841209E-05,-6.83491062047054E-06
"GLY",414,-5.09989484753043E-05,"GLY",414,-4.73186119874845E-06,4.62670872765558E-05
"GLN",415,0.000130389064143006,"GLN",415,3.7329127234672E-05,-9.3059936908334E-05
"THR",416,0.000713985278654013,"THR",416,0.000384332281808755,-0.000329652996845258
"PHE",417,0.000194532071503695,"PHE",417,8.72765509989295E-05,-0.000107255520504765
"SER",418,-4.3112513144006E-05,"SER",418,6.78233438485311E-05,0.000110935856992537
"VAL",419,4.62670872765207E-05,"VAL",419,0.000102523659305988,5.62565720294673E-05
"LEU",420,-1.62986330179411E-05,"LEU",420,2.05047318611388E-05,3.68033648790799E-05
"ALA",421,-5.83596214511012E-05,"ALA",421,-1.47213459516445E-05,4.36382754994567E-05
"CYS",422,-5.73080967402637E-05,"CYS",422,-6.09884332281877E-05,-3.68033648792402E-06
"TYR",423,-7.25552050473606E-05,"TYR",423,-4.15352260777905E-05,3.10199789695701E-05
"ASN",424,-2.94426919035199E-05,"ASN",424,-4.15352260781718E-05,-1.20925341746519E-05
"GLY",425,5.2576235541781E-07,"GLY",425,-1.5772870662237E-06,-2.10304942164151E-06
"SER",426,6.9400630914811E-05,"SER",426,1.84016824395184E-05,-5.09989484752926E-05
"PRO",427,-1.10410094636836E-05,"PRO",427,-3.20715036802865E-05,-2.10304942166029E-05
"SER",428,4.15352260778202E-05,"SER",428,6.72975814931527E-05,2.57623554153325E-05
"GLY",429,0.000332281808622495,"GLY",429,0.000354363827549949,2.2082018927454E-05
"VAL",430,0.00066929547844368,"VAL",430,0.000541535226077816,-0.000127760252365864
"TYR",431,-5.78338590957393E-05,"TYR",431,-0.000184542586750869,-0.00012670872765513
"GLN",432,0.000939011566771932,"GLN",432,0.000650893796004172,-0.00028811777076776
"CYS",433,-0.000151419558359637,"CYS",433,-0.000148264984227129,3.15457413250841E-06
"ALA",434,-6.41430073606837E-05,"ALA",434,-5.52050473186428E-05,8.93796004204091E-06
"MET",435,-5.09989484752861E-05,"MET",435,-2.99684542586722E-05,2.10304942166139E-05
"ARG",436,4.99474237643084E-05,"ARG",436,-0.000105678233438557,-0.000155625657202865
"PRO",437,-4.25867507886465E-05,"HIE",437,-3.52260778128681E-05,7.36067297577835E-06
"ASN",438,-1.10410094636855E-05,"ASN",438,-1.47213459516852E-05,-3.68033648799971E-06
"PHE",439,-1.89274447949172E-05,"PHE",439,-1.68243953732921E-05,2.1030494216251E-06
"THR",440,5.2576235530953E-07,"THR",440,2.94426919033368E-05,2.89169295480273E-05
"ILE",441,3.15457413251768E-06,"ILE",441,-7.88643533116474E-06,-1.10410094636824E-05
"LYS",442,-8.20189274449754E-05,"LYS",442,-0.000152471083070441,-7.0452155625466E-05
"GLY",443,4.83701366982291E-05,"GLY",443,1.47213459516749E-05,-3.36487907465542E-05
"SER",444,-3.89064143007416E-05,"SER",444,-2.89169295478362E-05,9.98948475290537E-06
"PHE",445,-5.94111461619199E-05,"PHE",445,-5.8359621451114E-05,1.05152471080594E-06
"LEU",446,-2.83911671924004E-05,"LEU",446,-2.52365930599477E-05,3.15457413245273E-06
"ASN",447,9.98948475298422E-06,"ASN",447,2.10304942188439E-06,-7.88643533109983E-06
"GLY",448,-8.93796004204985E-06,"GLY",448,1.1041009463699E-05,1.99789695057489E-05
"SER",449,1.62986330178355E-05,"SER",449,6.83491062034151E-06,-9.46372239749399E-06
"CYS",450,-3.68033648792206E-06,"CYS",450,-5.25762355420373E-07,3.15457413250169E-06
"GLY",451,-6.30914826497519E-06,"GLY",451,2.1556256572037E-05,2.78654048370122E-05
"SER",452,1.15667718191223E-05,"SER",452,-1.62986330178589E-05,-2.78654048369812E-05
"VAL",453,6.94006309147838E-05,"VAL",453,3.62776025236443E-05,-3.31230283911395E-05
"GLY",454,0.000141955835962134,"GLY",454,6.78233438486013E-05,-7.41324921135327E-05
"PHE",455,-0.00030073606729759,"PHE",455,-0.000279179810725553,2.15562565720373E-05
"ASN",456,0.000620399579390418,"ASN",456,0.000280231335436462,-0.000340168243953956
"ILE",457,0.000366456361724472,"ILE",457,0.00013722397476339,-0.000229232386961082
"ASP",458,0.000664037854889791,"ASP",458,0.000466351209253324,-0.000197686645636467
"TYR",459,0.00256940063091472,"TYR",459,0.00109305993690855,-0.00147634069400617
"ASP",460,0.00075236593059945,"ASP",460,0.000505257623554179,-0.000247108307045271
"CYS",461,8.62250262881472E-05,"CYS",461,3.6803364879062E-05,-4.94216614090852E-05
"VAL",462,3.7329127234523E-05,"VAL",462,3.83806519452998E-05,1.0515247107768E-06
"SER",463,-7.15036803364866E-05,"SER",463,-4.20609884332144E-05,2.94426919032722E-05
"PHE",464,-8.8853838065186E-05,"PHE",464,-8.09674027339711E-05,7.88643533121491E-06
"CYS",465,-7.30809674027353E-05,"CYS",465,-4.7844374342809E-05,2.52365930599263E-05
"TYR",466,-3.89064143007923E-05,"TYR",466,-3.10199789695615E-05,7.88643533123075E-06
"MET",467,-2.73396424816056E-05,"MET",467,-2.62881177707512E-05,1.05152471085438E-06
"HID",468,-2.52365930599297E-05,"HID",468,-8.93796004202522E-06,1.62986330179045E-05
"HIE",469,-9.4637223974732E-06,"HIE",469,-2.78654048370258E-05,-1.84016824395526E-05
"MET",470,-2.15562565720409E-05,"MET",470,-6.83491062038607E-06,1.47213459516548E-05
"GLU",471,9.9894847528983E-06,"GLU",471,4.4164037854895E-05,3.41745531019967E-05
"LEU",472,-1.26182965300587E-05,"LEU",472,2.36593059936675E-05,3.62776025237262E-05
"PRO",473,-1.36698212408532E-05,"PRO",473,3.15457413249223E-06,1.68243953733454E-05
"THR",474,-2.99684542587696E-05,"THR",474,-1.31440588852729E-05,1.68243953734967E-05
"GLY",475,5.25762355414775E-06,"GLY",475,8.41219768664057E-06,3.15457413249282E-06
"VAL",476,-1.20925341745669E-05,"VAL",476,-2.99684542587122E-05,-1.78759200841453E-05
"HIE",477,-1.52471083070386E-05,"HIE",477,-2.83911671924651E-05,-1.31440588854265E-05
"ALA",478,-2.31335436382784E-05,"ALA",478,-1.10410094637114E-05,1.2092534174567E-05
"GLY",479,-5.2576235539959E-07,"GLY",479,8.9379600420582E-06,9.46372239745779E-06
"THR",480,-1.5772870661658E-06,"THR",480,6.30914826495832E-06,7.88643533112412E-06
"ASP",481,6.83491062053682E-06,"ASP",481,4.83701366982491E-05,4.15352260777123E-05
"LEU",482,-3.68033648791327E-05,"LEU",482,-1.1566771819257E-05,2.52365930598757E-05
"GLU",483,-1.10410094636556E-05,"GLU",483,2.52365930599379E-05,3.62776025235935E-05
"GLY",484,-2.26077812828423E-05,"GLY",484,-1.84016824395143E-05,4.20609884332795E-06
"ASN",485,6.83491062072361E-06,"ASN",485,-7.88643533141737E-06,-1.4721345952141E-05
"PHE",486,1.10410094636867E-05,"PHE",486,-3.04942166140743E-05,-4.1535226077761E-05
"TYR",487,-2.62881177708406E-05,"TYR",487,-2.99684542586804E-05,-3.68033648783982E-06
"GLY",488,-2.26077812828397E-05,"GLY",488,5.78338590957548E-06,2.83911671924152E-05
"PRO",489,1.05152471086561E-06,"PRO",489,-5.78338590953859E-06,-6.8349106204042E-06
"PHE",490,1.52471083071059E-05,"PHE",490,1.20925341745083E-05,-3.15457413259756E-06
"VAL",491,8.93796004212515E-06,"VAL",491,-6.30914826503116E-06,-1.52471083071563E-05
"ASP",492,-9.98948475281611E-06,"ASP",492,-6.30914826503303E-06,3.68033648778308E-06
"ARG",493,-1.73501577291929E-05,"ARG",493,-3.47003154580571E-05,-1.73501577288642E-05
"GLN",494,-1.73501577286363E-05,"GLN",494,7.36067297583513E-06,2.47108307044714E-05
"THR",495,2.62881177708558E-06,"THR",495,-1.41955835961842E-05,-1.68243953732698E-05
"ALA",496,-1.68243953732908E-05,"ALA",496,2.10304942165511E-06,1.89274447949459E-05
"GLN",497,-1.41955835962225E-05,"GLN",497,-6.83491062053682E-06,7.36067297568568E-06
"ALA",498,-2.20820189274592E-05,"ALA",498,-3.6803364879101E-06,1.84016824395491E-05
"ALA",499,-8.41219768663374E-06,"ALA",499,-1.05152471083222E-06,7.36067297580152E-06
"GLY",500,4.73186119872504E-06,"GLY",500,8.41219768661973E-06,3.68033648789469E-06
"THR",501,4.20609884325138E-06,"THR",501,-5.25762355415995E-07,-4.73186119866738E-06
"ASP",502,1.05152471080621E-05,"ASP",502,8.67507886434766E-05,7.62355415354145E-05
"THR",503,-1.99789695057798E-05,"THR",503,8.93796004206257E-06,2.89169295478424E-05
"THR",504,4.10094637224579E-05,"THR",504,2.89169295477564E-05,-1.20925341747015E-05
"ILE",505,-5.73080967402783E-05,"ILE",505,-4.73186119877053E-06,5.25762355415078E-05
"THR",506,1.36698212407412E-05,"THR",506,3.47003154574202E-05,2.1030494216679E-05
"VAL",507,1.26182965300327E-05,"VAL",507,6.04626708727343E-05,4.78443743427016E-05
"ASN",508,0.000125131440588794,"ASN",508,0.000145636172450098,2.05047318613039E-05
"VAL",509,-0.000135120925341745,"VAL",509,-5.152471083069E-05,8.3596214511055E-05
"LEU",510,-0.000252891692954684,"LEU",510,-0.000139852786540515,0.000113038906414169
"ALA",511,0.000250262881177695,"ALA",511,0.000129863301787589,-0.000120399579390106
"TRP",512,-0.000305993690851668,"TRP",512,-0.000634595162986386,-0.000328601472134718
"LEU",513,-0.000574132492113565,"LEU",513,-0.000473186119873687,0.000100946372239878
"TYR",514,-0.000304942166140969,"TYR",514,-0.000200315457413353,0.000104626708727616
"ALA",515,0.000844374342797031,"ALA",515,0.000805993690851715,-3.83806519453157E-05
"ALA",516,-0.00136645636172449,"ALA",516,-0.000954784437434324,0.000411671924290166
"VAL",517,0.00185015772870661,"VAL",517,0.00167718191377488,-0.000172975814931726
"ILE",518,0.00781282860147216,"ILE",518,0.00646950578338591,-0.00134332281808625
"ASN",519,0.027282571608833,"ASN",519,0.0198796004206095,-0.00740297118822349
"GLY",520,0.00460147213459516,"GLY",520,0.00379074658254464,-0.000810725552050518
"ASP",521,0.00929442691903292,"ASP",521,0.0095483701366983,0.000253943217665375
"ARG",522,0.00994479495268162,"ARG",522,0.00815930599369126,-0.00178548895899036
"TRP",523,-0.000268138801261871,"TRP",523,-0.000350683491062011,-8.25446898001398E-05
"PHE",524,-0.000630914826498385,"PHE",524,-0.000554679284963254,7.62355415351313E-05
"LEU",525,-3.99579390115745E-05,"LEU",525,-8.56992639326484E-05,-4.57413249210739E-05
"ASN",526,-6.67718191375568E-05,"ASN",526,-6.72975814932735E-05,-5.25762355716681E-07
"ARG",527,-5.57308096740992E-05,"ARG",527,-0.000111987381702914,-5.62565720288147E-05
"PHE",528,-4.31125131440621E-05,"PHE",528,-3.94321766561872E-05,3.68033648787487E-06
"THR",529,-1.9978969505735E-05,"THR",529,-4.20609884330741E-06,1.57728706624276E-05
"THR",530,-2.36593059937777E-05,"THR",530,-3.15457413247542E-06,2.05047318613023E-05
"THR",531,-1.57728706621716E-06,"THR",531,-4.20609884342135E-06,-2.62881177720419E-06
"LEU",532,-3.94321766561076E-05,"LEU",532,-2.20820189274772E-05,1.73501577286304E-05
"ASN",533,-1.99789695056322E-05,"ASN",533,-1.05152471080733E-05,9.46372239755887E-06
"ASP",534,-2.10304942206371E-06,"ASP",534,1.57728706598088E-06,3.68033648804459E-06
"PHE",535,-6.72975814931814E-05,"PHE",535,-1.26182965299972E-05,5.46792849631842E-05
"ASN",536,-1.47213459514125E-05,"ASN",536,-1.94532071504161E-05,-4.73186119900359E-06
"LEU",537,-1.62986330177218E-05,"LEU",537,-2.62881177705686E-06,1.36698212406649E-05
"VAL",538,-4.7318611988224E-06,"VAL",538,-1.89274447949125E-05,-1.41955835960901E-05
"ALA",539,1.10410094637218E-05,"ALA",539,8.4121976866438E-06,-2.628811777078E-06
"MET",540,-1.52471083069812E-05,"MET",540,-1.7350157728655E-05,-2.10304942167378E-06
"LYS",541,-2.99684542587404E-05,"LYS",541,-2.78654048370022E-05,2.1030494217382E-06
"TYR",542,-2.99684542587164E-05,"TYR",542,-6.30914826500782E-06,2.36593059937086E-05
"ASN",543,-2.57623554153669E-05,"ASN",543,-1.05152471084469E-05,1.524710830692E-05
"TYR",544,-7.6761303890633E-05,"TYR",544,-5.6256572029352E-05,2.0504731861281E-05
"GLU",545,-3.68033648789851E-05,"GLU",545,8.41219768658868E-06,4.52155625655738E-05
"PRO",546,-3.47003154574958E-05,"PRO",546,-1.94532071502685E-05,1.52471083072273E-05
"LEU",547,-1.68243953733205E-05,"LEU",547,-1.57728706637734E-06,1.52471083069432E-05
"THR",548,-4.15352260777665E-05,"THR",548,-3.83806519452882E-05,3.15457413247826E-06
"GLN",549,-2.89169295477097E-05,"GLN",549,-6.3091482650293E-06,2.26077812826804E-05
"ASP",550,-5.78338590955166E-06,"ASP",550,2.1556256571826E-05,2.73396424813777E-05
"HIE",551,-3.68033648791094E-05,"HIE",551,-2.05047318612834E-05,1.6298633017826E-05
"VAL",552,-5.94111461619668E-05,"VAL",552,-5.04731861198995E-05,8.93796004206725E-06
"ASP",553,-0.00010147213459487,"ASP",553,1.73501577287857E-05,0.000118822292323656
"ILE",554,3.99579390115505E-05,"ILE",554,3.25972660356991E-05,-7.3606729758514E-06
"LEU",555,-0.000286540483701349,"LEU",555,-0.000197160883280874,8.93796004204752E-05
"GLY",556,-7.04521556256972E-05,"GLY",556,-8.41219768664361E-05,-1.36698212407389E-05
"PRO",557,0.000335436382755102,"PRO",557,0.000272870662460505,-6.25657202945967E-05
"LEU",558,-0.000399579390115739,"LEU",558,-0.000316508937960058,8.30704521556814E-05
"SER",559,-9.20084121977021E-05,"SER",559,-9.93690851735268E-05,-7.36067297582467E-06
"ALA",560,0.000806519453207138,"ALA",560,0.000633543638275553,-0.000172975814931585
"GLN",561,0.00833228180862236,"GLN",561,0.00636750788643549,-0.00196477392218687
"THR",562,0.0016182965299684,"THR",562,0.00115825446898006,-0.000460042060988345
"GLY",563,9.35856992639266E-05,"GLY",563,6.6771819137766E-05,-2.68138801261606E-05
"ILE",564,-0.000242376445846497,"ILE",564,-0.000169295478443741,7.3080967402756E-05
"ALA",565,-9.25341745531124E-05,"ALA",565,-8.46477392218769E-05,7.88643533123552E-06
"VAL",566,-9.51629863301834E-05,"VAL",566,-0.000113038906414323,-1.78759200841396E-05
"LEU",567,-4.57413249211948E-05,"LEU",567,-5.15247108308147E-05,-5.78338590961986E-06
"ASP",568,-4.10094637224364E-05,"ASP",568,2.6288117771715E-06,4.36382754996079E-05
"MET",569,4.73186119873945E-05,"MET",569,1.5772870662503E-05,-3.15457413248915E-05
"CYS",570,-0.0000546792849631999,"CYS",570,-4.67928496319627E-05,7.88643533123721E-06
"ALA",571,9.98948475289748E-06,"ALA",571,-1.32794814985396E-18,-9.98948475289881E-06
"SER",572,7.15036803364842E-05,"SER",572,4.20609884332162E-05,-2.94426919032679E-05
"LEU",573,-4.8895899053651E-05,"LEU",573,-4.52155625657324E-05,3.68033648791864E-06
"LYS",574,-6.09884332280845E-05,"LYS",574,-3.78548895899096E-05,2.31335436381749E-05
"GLU",575,-3.9432176656138E-05,"GLU",575,2.68975168111079E-16,3.9432176656407E-05
"LEU",576,-9.67402733963961E-05,"LEU",576,-9.41114616193185E-05,2.62881177707755E-06
"LEU",577,-8.78023133542722E-05,"LEU",577,-3.68033648791652E-05,5.0998948475107E-05
"GLN",578,-4.04837013667869E-05,"GLN",578,-2.10304942164829E-05,1.9453207150304E-05
"ASN",579,-3.52260778128511E-05,"ASN",579,-3.20715036802431E-05,3.15457413260803E-06
"GLY",580,-2.10304942166212E-05,"GLY",580,8.93796004205253E-06,2.99684542586737E-05
"MET",581,-8.72765509989586E-05,"MET",581,-9.09568874868526E-05,-3.68033648789398E-06
"ASN",582,4.67928496320553E-05,"ASN",582,-3.10199789693775E-05,-7.78128286014328E-05
"GLY",583,0.0003370136698212,"GLY",583,0.000244479495268124,-9.25341745530758E-05
"ARG",584,0.00223133543638317,"ARG",584,0.00132912723448986,-0.000902208201893314
"THR",585,0.00440904311251299,"THR",585,0.00378654048370128,-0.000622502628811707
"ILE",586,0.00215667718191372,"ILE",586,0.00180021030494214,-0.000356466876971582
"LEU",587,0.0042960042060988,"LEU",587,0.0030247108307045,-0.0012712933753943
"GLY",588,0.0017245005257624,"GLY",588,0.0012460567823344,-0.000478443743427997
"SER",589,0.000696109358569886,"SER",589,-9.98948475288452E-06,-0.00070609884332277
"ALA",590,-0.000366982124079922,"VAL",590,-0.000402208201892753,-3.5226077812831E-05
"LEU",591,0.000117245005257603,"LEU",591,3.68033648799859E-06,-0.000113564668769604
"LEU",592,-0.000110935856992617,"LEU",592,-2.94426919032752E-05,8.14931650893418E-05
"GLU",593,0.000218191377497539,"GLU",593,-3.78548895899404E-05,-0.000256046267087479
"ASP",594,-4.99474237645961E-05,"ASP",594,0.000136172450052894,0.00018611987381749
"GLU",595,6.51945320716058E-05,"GLU",595,0.000150893796004295,8.56992639326895E-05
"PHE",596,-0.000933753943217726,"PHE",596,-0.00119453207150363,-0.000260778128285905
"THR",597,0.000410094637224031,"THR",597,0.000351209253417432,-5.88853838065989E-05
"PRO",598,-0.000259726603575153,"PRO",598,-0.000381177707676107,-0.000121451104100954
"PHE",599,0.000287592008412169,"PHE",599,5.88853838065241E-05,-0.000228706624605645
"ASP",600,-0.00108254468980003,"ASP",600,-0.000381177707676079,0.000701366982123951
"VAL",601,0.000227129337539389,"VAL",601,-0.000251314405888518,-0.000478443743427907
"VAL",602,0.000249737118822263,"VAL",602,-0.000149842271293374,-0.000399579390115637
"ARG",603,0.0107181913774979,"ARG",603,0.00643901156677177,-0.00427917981072613
"GLN",604,0.0220096605678233,"GLN",604,0.0150830704521557,-0.00692659011566765
"CYS",605,0.0112409051524711,"CYS",605,0.00827444794952687,-0.00296645720294423
"SER",606,0.0141905825446898,"SER",606,0.00974553101997901,-0.0044450515247108
"GLY",607,0.0110217993690852,"GLY",607,0.00801419558359624,-0.00300760378548896
"VAL",608,0.00372501745531016,"VAL",608,0.0038238696109358,9.8852155625636E-05
"THR",609,0.00857518401682444,"THR",609,0.00577812828601468,-0.00279705573080976
"PHE",610,0.00276813880126218,"PHE",610,0.00174868559411142,-0.00101945320715076
